{
  "n_samples": 1000,
  "n_classes": 2,
  "sigma": {
    "min": 8644835.0,
    "max": 62706104.0,
    "mean": 25102358.0,
    "std": 15225108.0
  },
  "mu": {
    "min": 1.0029655694961548,
    "max": 101.6475830078125,
    "mean": 32.61967086791992,
    "std": 24.379940032958984
  },
  "final_losses": {
    "critic": -0.3125,
    "generator": -67.43746948242188,
    "wasserstein_distance": 0.0
  },
  "per_class": {
    "0": {
      "sigma_mean": 30528696.0,
      "mu_mean": 23.81822967529297,
      "n_samples": 500
    },
    "1": {
      "sigma_mean": 19676022.0,
      "mu_mean": 41.421119689941406,
      "n_samples": 500
    }
  }
}