{
  "model_name": "Improved WGAN v2",
  "overall_passed": true,
  "criteria": {
    "1_moment_matching": {
      "passed": true,
      "mean_rel_diff": 0.3733300186744027,
      "variance_ratio": 1.0311046025065809,
      "mode_collapse": false,
      "noise_amplification": false
    },
    "2_distribution_distance": {
      "wasserstein_mean": 0.03541628693151791,
      "mmd_score": 0.03731225402688898,
      "mmd_sigma": 0.004018465243144087,
      "mmd_mu": 0.03329378878374489
    },
    "3_latent_traversal": {
      "passed": true,
      "active_dimensions": 20,
      "total_tested": 20,
      "inactive_ratio": 0.0,
      "smoothness_score": 1.0
    },
    "4_physics_consistency": {
      "passed": true,
      "bounds_sigma_ratio": 1.0,
      "bounds_mu_ratio": 1.0,
      "forward_valid": 20,
      "forward_total": 20
    },
    "5_noise_robustness": {
      "passed": true,
      "mean_lipschitz": 0.6574218833446502
    },
    "6_class_separation": {
      "passed": true,
      "n_classes": 2,
      "separation_ratio": 1.103653427994489,
      "inter_class_wasserstein_real": 0.1928907914729521,
      "inter_class_wasserstein_gen": 0.2128845833480591,
      "per_class_real": [
        {
          "sigma_mean": -0.22848950508783963,
          "sigma_std": 0.642161015072233,
          "mu_mean": -0.5190545126880446,
          "mu_std": 0.431086321503248,
          "n_samples": 2000
        },
        {
          "sigma_mean": -0.6028598230596843,
          "sigma_std": 0.23091602901055816,
          "mu_mean": -0.2725159057946999,
          "mu_std": 0.4824484030188554,
          "n_samples": 2000
        }
      ],
      "per_class_gen": [
        {
          "sigma_mean": -0.22773641347885132,
          "sigma_std": 0.6635922789573669,
          "mu_mean": -0.5125046968460083,
          "mu_std": 0.43234679102897644,
          "n_samples": 250
        },
        {
          "sigma_mean": -0.589483916759491,
          "sigma_std": 0.23311351239681244,
          "mu_mean": -0.30203333497047424,
          "mu_std": 0.4791394770145416,
          "n_samples": 250
        }
      ]
    }
  }
}