{
  "n_samples": 1000,
  "K": 51,
  "sigma": {
    "min": 18810590.0,
    "max": 40421200.0,
    "mean": 28181624.0,
    "std": 7651383.5
  },
  "mu": {
    "min": 1.0047067403793335,
    "max": 9.451215744018555,
    "mean": 4.89492654800415,
    "std": 3.151407241821289
  },
  "model_dir": "results/dual_wgan_nz96/",
  "generation_date": "2026-02-14T16:32:33.436516"
}