{
  "n_samples": 1000,
  "K": 51,
  "sigma": {
    "min": 18810682.0,
    "max": 40418096.0,
    "mean": 28240892.0,
    "std": 7699911.5
  },
  "mu": {
    "min": 1.004701018333435,
    "max": 9.451719284057617,
    "mean": 4.887300491333008,
    "std": 3.1462957859039307
  },
  "model_dir": "results/dual_wgan_nz96",
  "generation_date": "2026-02-14T15:57:04.154817"
}