{
  "n_samples": 1000,
  "n_classes": 2,
  "sigma": {
    "min": 1189971.125,
    "max": 58018264.0,
    "mean": 25556498.0,
    "std": 13775104.0
  },
  "mu": {
    "min": 4.3893537521362305,
    "max": 94.25331115722656,
    "mean": 35.40491485595703,
    "std": 20.242191314697266
  },
  "final_losses": {
    "critic": -0.140625,
    "generator": -26.749967575073242,
    "wasserstein_distance": -0.3125
  },
  "per_class": {
    "0": {
      "sigma_mean": 25888612.0,
      "mu_mean": 34.67243957519531,
      "n_samples": 500
    },
    "1": {
      "sigma_mean": 25224382.0,
      "mu_mean": 36.137393951416016,
      "n_samples": 500
    }
  }
}