{
  "n_samples": 1000,
  "n_classes": 2,
  "sigma": {
    "min": 2611007.5,
    "max": 58990284.0,
    "mean": 24799130.0,
    "std": 13470816.0
  },
  "mu": {
    "min": 5.550036430358887,
    "max": 97.28690338134766,
    "mean": 34.88740539550781,
    "std": 20.363372802734375
  },
  "final_losses": {
    "critic": -8.6640625,
    "generator": -0.2416708767414093,
    "wasserstein_distance": 8.50048828125
  },
  "per_class": {
    "0": {
      "sigma_mean": 23667928.0,
      "mu_mean": 32.728328704833984,
      "n_samples": 500
    },
    "1": {
      "sigma_mean": 25930332.0,
      "mu_mean": 37.04648971557617,
      "n_samples": 500
    }
  }
}