{
  "model_name": "Improved WGAN v2",
  "overall_passed": true,
  "criteria": {
    "1_moment_matching": {
      "passed": true,
      "mean_rel_diff": 0.7055078823346795,
      "variance_ratio": 0.8988600160803547,
      "mode_collapse": false,
      "noise_amplification": false
    },
    "2_distribution_distance": {
      "wasserstein_mean": 0.07501713537966402,
      "mmd_score": 0.11667694772197001,
      "mmd_sigma": 0.03632933501305202,
      "mmd_mu": 0.08034761270891799
    },
    "3_latent_traversal": {
      "passed": true,
      "active_dimensions": 6,
      "total_tested": 6,
      "inactive_ratio": 0.0,
      "smoothness_score": 1.0
    },
    "4_physics_consistency": {
      "passed": true,
      "bounds_sigma_ratio": 1.0,
      "bounds_mu_ratio": 1.0,
      "forward_valid": 20,
      "forward_total": 20
    },
    "5_noise_robustness": {
      "passed": true,
      "mean_lipschitz": 1.8013161039352417
    },
    "6_class_separation": {
      "passed": true,
      "n_classes": 2,
      "separation_ratio": 1.244899826512356,
      "inter_class_wasserstein_real": 0.07138029156691408,
      "inter_class_wasserstein_gen": 0.08886131271254272,
      "per_class_real": [
        {
          "sigma_mean": -0.1634218938627358,
          "sigma_std": 0.505289768335165,
          "mu_mean": -0.3006746624630269,
          "mu_std": 0.41087470383271846,
          "n_samples": 2000
        },
        {
          "sigma_mean": -0.20596701905108594,
          "sigma_std": 0.3977927985253526,
          "mu_mean": -0.2969160428806915,
          "mu_std": 0.4101018089001806,
          "n_samples": 2000
        }
      ],
      "per_class_gen": [
        {
          "sigma_mean": -0.10146778076887131,
          "sigma_std": 0.5218896865844727,
          "mu_mean": -0.22665658593177795,
          "mu_std": 0.3739889860153198,
          "n_samples": 100
        },
        {
          "sigma_mean": -0.2340700626373291,
          "sigma_std": 0.3808635175228119,
          "mu_mean": -0.2592523992061615,
          "mu_std": 0.46988701820373535,
          "n_samples": 100
        }
      ]
    }
  }
}