{
  "n_samples": 1000,
  "n_classes": 1,
  "sigma": {
    "min": 18852986.0,
    "max": 40312824.0,
    "mean": 28054566.0,
    "std": 7688798.0
  },
  "mu": {
    "min": 1.0048264265060425,
    "max": 9.352849960327148,
    "mean": 4.924874305725098,
    "std": 3.159372329711914
  },
  "final_losses": {
    "critic": -0.015625,
    "generator": -26.32807159423828,
    "wasserstein_distance": -0.265625
  }
}