{
  "loss_C": [
    -0.6630859375,
    -2.638671875,
    -3.654296875,
    -3.677734375,
    -3.693359375
  ],
  "loss_G": [
    0.156005859375,
    0.30005061626434326,
    -0.22350634634494781,
    -1.1396420001983643,
    -1.672843098640442
  ],
  "loss_G_adv": [
    0.156005859375,
    0.300048828125,
    -0.2235107421875,
    -1.1396484375,
    -1.6728515625
  ],
  "loss_G_physics": [
    0.0007346548372879624,
    0.0008885077550075948,
    0.0010979785583913326,
    0.0010724286548793316,
    0.001062598661519587
  ],
  "wasserstein_distance": [
    0.691162109375,
    2.536376953125,
    3.7178955078125,
    3.5751953125,
    3.8779296875
  ],
  "gradient_penalty": [
    0.0,
    0.0,
    0.0,
    0.0,
    0.0
  ],
  "physics_weight": [
    0.0,
    0.002,
    0.004,
    0.006,
    0.008
  ]
}