{
  "model_name": "Improved WGAN v2",
  "overall_passed": true,
  "criteria": {
    "1_moment_matching": {
      "passed": true,
      "mean_rel_diff": 0.49870192460941276,
      "variance_ratio": 0.8110578957380804,
      "mode_collapse": false,
      "noise_amplification": false
    },
    "2_distribution_distance": {
      "wasserstein_mean": 0.06387034707904725,
      "mmd_score": 0.056995498494204266,
      "mmd_sigma": 0.032938823799563255,
      "mmd_mu": 0.02405667469464101
    },
    "3_latent_traversal": {
      "passed": true,
      "active_dimensions": 20,
      "total_tested": 20,
      "inactive_ratio": 0.0,
      "smoothness_score": 1.0
    },
    "4_physics_consistency": {
      "passed": true,
      "bounds_sigma_ratio": 1.0,
      "bounds_mu_ratio": 1.0,
      "forward_valid": 20,
      "forward_total": 20
    },
    "5_noise_robustness": {
      "passed": true,
      "mean_lipschitz": 0.8633686089515686
    },
    "6_class_separation": {
      "passed": true,
      "n_classes": 2,
      "separation_ratio": 1.117346839301133,
      "inter_class_wasserstein_real": 0.07138029156691408,
      "inter_class_wasserstein_gen": 0.07975654328241945,
      "per_class_real": [
        {
          "sigma_mean": -0.1634218938627358,
          "sigma_std": 0.505289768335165,
          "mu_mean": -0.3006746624630269,
          "mu_std": 0.41087470383271846,
          "n_samples": 2000
        },
        {
          "sigma_mean": -0.20596701905108594,
          "sigma_std": 0.3977927985253526,
          "mu_mean": -0.2969160428806915,
          "mu_std": 0.4101018089001806,
          "n_samples": 2000
        }
      ],
      "per_class_gen": [
        {
          "sigma_mean": -0.12165138870477676,
          "sigma_std": 0.571864902973175,
          "mu_mean": -0.3373218774795532,
          "mu_std": 0.3403148949146271,
          "n_samples": 100
        },
        {
          "sigma_mean": -0.14879664778709412,
          "sigma_std": 0.3594151437282562,
          "mu_mean": -0.29064083099365234,
          "mu_std": 0.4694269001483917,
          "n_samples": 100
        }
      ]
    }
  }
}