{
  "n_samples": 1000,
  "K": 51,
  "sigma": {
    "min": 18810564.0,
    "max": 40426248.0,
    "mean": 28268072.0,
    "std": 7691837.5
  },
  "mu": {
    "min": 1.0047039985656738,
    "max": 9.448599815368652,
    "mean": 4.884742259979248,
    "std": 3.1215898990631104
  },
  "model_dir": "results/dual_wgan_nz24",
  "generation_date": "2026-02-14T15:56:44.019705"
}