{
  "n_samples": 1000,
  "K": 51,
  "n_classes": 1,
  "sigma": {
    "min": 18810614.0,
    "max": 40306104.0,
    "mean": 28179004.0,
    "std": 7627405.5
  },
  "mu": {
    "min": 1.0053069591522217,
    "max": 9.404467582702637,
    "mean": 4.882161617279053,
    "std": 3.169346809387207
  },
  "model_dir": "/workspace/GANs-for-1D-Signal/results/dual_wgan_nz6_20260228_181704/",
  "generation_date": "2026-02-28T19:23:58.478284"
}