{
  "model_name": "Dual-Head WGAN",
  "overall_passed": true,
  "criteria": {
    "1_moment_matching": {
      "passed": true,
      "mean_rel_diff": 0.5228335963489834,
      "variance_ratio": 0.7712851598752697,
      "mode_collapse": false,
      "noise_amplification": false
    },
    "2_distribution_distance": {
      "wasserstein_mean": 0.09266676307984473,
      "mmd_score": 0.18448009899750828,
      "mmd_sigma": 0.11550613386120145,
      "mmd_mu": 0.06897396513630683
    },
    "3_latent_traversal": {
      "passed": true,
      "active_dimensions": 20,
      "total_tested": 20,
      "inactive_ratio": 0.0,
      "smoothness_score": 1.0
    },
    "4_physics_consistency": {
      "passed": true,
      "bounds_sigma_ratio": 1.0,
      "bounds_mu_ratio": 1.0,
      "forward_valid": 20,
      "forward_total": 20
    },
    "5_noise_robustness": {
      "passed": true,
      "mean_lipschitz": 0.956776636838913
    },
    "6_class_separation": {
      "passed": true,
      "n_classes": 2,
      "separation_ratio": 1.5701275804367507,
      "inter_class_wasserstein_real": 0.07138029156691408,
      "inter_class_wasserstein_gen": 0.11207616464584136,
      "per_class_real": [
        {
          "sigma_mean": -0.1634218938627358,
          "sigma_std": 0.505289768335165,
          "mu_mean": -0.3006746624630269,
          "mu_std": 0.41087470383271846,
          "n_samples": 2000
        },
        {
          "sigma_mean": -0.20596701905108594,
          "sigma_std": 0.3977927985253526,
          "mu_mean": -0.2969160428806915,
          "mu_std": 0.4101018089001806,
          "n_samples": 2000
        }
      ],
      "per_class_gen": [
        {
          "sigma_mean": -0.20970556139945984,
          "sigma_std": 0.4929545223712921,
          "mu_mean": -0.3735131323337555,
          "mu_std": 0.4029393196105957,
          "n_samples": 100
        },
        {
          "sigma_mean": -0.055252283811569214,
          "sigma_std": 0.4798815846443176,
          "mu_mean": -0.3228243291378021,
          "mu_std": 0.4239884614944458,
          "n_samples": 100
        }
      ]
    }
  }
}