{
  "n_samples": 1000,
  "K": 51,
  "sigma": {
    "min": 18810804.0,
    "max": 40281984.0,
    "mean": 28129218.0,
    "std": 7638036.5
  },
  "mu": {
    "min": 1.004793643951416,
    "max": 9.441587448120117,
    "mean": 4.898376941680908,
    "std": 3.167181968688965
  },
  "model_dir": "results/dual_wgan_nz16/",
  "generation_date": "2026-02-14T16:31:54.497341"
}