{
  "n_samples": 1000,
  "n_classes": 2,
  "sigma": {
    "min": 8291384.5,
    "max": 63386536.0,
    "mean": 24706794.0,
    "std": 14650994.0
  },
  "mu": {
    "min": 0.9192718267440796,
    "max": 96.9927749633789,
    "mean": 31.866518020629883,
    "std": 25.20491600036621
  },
  "final_losses": {
    "critic": -0.125,
    "generator": -61.28122329711914,
    "wasserstein_distance": -0.25
  },
  "per_class": {
    "0": {
      "sigma_mean": 30165102.0,
      "mu_mean": 23.519319534301758,
      "n_samples": 500
    },
    "1": {
      "sigma_mean": 19248486.0,
      "mu_mean": 40.21371841430664,
      "n_samples": 500
    }
  }
}