{
  "n_samples": 1000,
  "K": 51,
  "n_classes": 1,
  "sigma": {
    "min": 18811016.0,
    "max": 40189824.0,
    "mean": 28234078.0,
    "std": 7644699.5
  },
  "mu": {
    "min": 1.005054235458374,
    "max": 9.433093070983887,
    "mean": 4.912250518798828,
    "std": 3.152015447616577
  },
  "model_dir": "/workspace/GANs-for-1D-Signal/results/dual_wgan_nz20_20260228_184811/",
  "generation_date": "2026-02-28T19:22:46.983374"
}