{
  "n_samples": 1000,
  "K": 51,
  "sigma": {
    "min": 18810726.0,
    "max": 40327796.0,
    "mean": 28117844.0,
    "std": 7467498.5
  },
  "mu": {
    "min": 1.0051647424697876,
    "max": 9.397074699401855,
    "mean": 4.8866658210754395,
    "std": 3.0954365730285645
  },
  "model_dir": "results/dual_wgan_nz48/",
  "generation_date": "2026-02-14T16:32:13.905999"
}