{
  "n_samples": 1000,
  "n_classes": 1,
  "sigma": {
    "min": 18861580.0,
    "max": 39621244.0,
    "mean": 28046272.0,
    "std": 7639788.0
  },
  "mu": {
    "min": 1.0633856058120728,
    "max": 9.21931266784668,
    "mean": 4.938549995422363,
    "std": 3.173191785812378
  },
  "final_losses": {
    "critic": -0.078125,
    "generator": -19.156179428100586,
    "wasserstein_distance": 0.375
  }
}