{
  "model_name": "Improved WGAN v2",
  "overall_passed": true,
  "criteria": {
    "1_moment_matching": {
      "passed": true,
      "mean_rel_diff": 0.5449327539184118,
      "variance_ratio": 0.7423975732035052,
      "mode_collapse": false,
      "noise_amplification": false
    },
    "2_distribution_distance": {
      "wasserstein_mean": 0.059180786701783276,
      "mmd_score": 0.05866885458047977,
      "mmd_sigma": 0.020296313303368008,
      "mmd_mu": 0.03837254127711176
    },
    "3_latent_traversal": {
      "passed": true,
      "active_dimensions": 20,
      "total_tested": 20,
      "inactive_ratio": 0.0,
      "smoothness_score": 1.0
    },
    "4_physics_consistency": {
      "passed": true,
      "bounds_sigma_ratio": 1.0,
      "bounds_mu_ratio": 1.0,
      "forward_valid": 20,
      "forward_total": 20
    },
    "5_noise_robustness": {
      "passed": true,
      "mean_lipschitz": 0.6595519304275512
    },
    "6_class_separation": {
      "passed": true,
      "n_classes": 2,
      "separation_ratio": 1.0409529176138033,
      "inter_class_wasserstein_real": 0.1928907914729521,
      "inter_class_wasserstein_gen": 0.20079023226870052,
      "per_class_real": [
        {
          "sigma_mean": -0.22848950508783963,
          "sigma_std": 0.642161015072233,
          "mu_mean": -0.5190545126880446,
          "mu_std": 0.431086321503248,
          "n_samples": 2000
        },
        {
          "sigma_mean": -0.6028598230596843,
          "sigma_std": 0.23091602901055816,
          "mu_mean": -0.2725159057946999,
          "mu_std": 0.4824484030188554,
          "n_samples": 2000
        }
      ],
      "per_class_gen": [
        {
          "sigma_mean": -0.26482340693473816,
          "sigma_std": 0.6162282228469849,
          "mu_mean": -0.5240309238433838,
          "mu_std": 0.45238184928894043,
          "n_samples": 250
        },
        {
          "sigma_mean": -0.6427403688430786,
          "sigma_std": 0.1728939265012741,
          "mu_mean": -0.3159485459327698,
          "mu_std": 0.4608447849750519,
          "n_samples": 250
        }
      ]
    }
  }
}