{
  "n_samples": 1000,
  "n_classes": 2,
  "sigma": {
    "min": 8802496.0,
    "max": 64099004.0,
    "mean": 23768276.0,
    "std": 14242394.0
  },
  "mu": {
    "min": 1.2112818956375122,
    "max": 99.0670394897461,
    "mean": 30.069414138793945,
    "std": 23.417341232299805
  },
  "final_losses": {
    "critic": -0.09375,
    "generator": -25.89059066772461,
    "wasserstein_distance": 0.15625
  },
  "per_class": {
    "0": {
      "sigma_mean": 29275896.0,
      "mu_mean": 24.820789337158203,
      "n_samples": 500
    },
    "1": {
      "sigma_mean": 18260658.0,
      "mu_mean": 35.31804656982422,
      "n_samples": 500
    }
  }
}