{
  "n_samples": 1000,
  "n_classes": 1,
  "sigma": {
    "min": 18823436.0,
    "max": 39821616.0,
    "mean": 28947308.0,
    "std": 7431404.0
  },
  "mu": {
    "min": 1.0623891353607178,
    "max": 9.38911247253418,
    "mean": 4.644291877746582,
    "std": 3.1234490871429443
  },
  "final_losses": {
    "critic": -0.046875,
    "generator": -20.703048706054688,
    "wasserstein_distance": 0.25
  }
}