{
  "n_samples": 1000,
  "sigma": {
    "min": 30034350.0,
    "max": 39820568.0,
    "mean": 34204944.0,
    "std": 2358354.0
  },
  "mu": {
    "min": 35.1121711730957,
    "max": 64.49510955810547,
    "mean": 47.76303482055664,
    "std": 6.946249008178711
  },
  "final_losses": {
    "critic": -0.03737068176269531,
    "generator": -2.8420727252960205,
    "wasserstein_distance": 0.09029197692871094
  }
}