{
  "n_samples": 1000,
  "K": 50,
  "n_classes": 2,
  "sigma": {
    "min": 8014592.5,
    "max": 64620828.0,
    "mean": 24710892.0,
    "std": 14754053.0
  },
  "mu": {
    "min": 0.9226420521736145,
    "max": 99.58194732666016,
    "mean": 30.6135196685791,
    "std": 23.632795333862305
  },
  "model_dir": "/workspace/GANs-for-1D-Signal/results/sigmoid_vs_linear_v2/dual_wgan_nz10_nc2_20260228_224532/",
  "generation_date": "2026-02-28T23:02:42.733144",
  "per_class": {
    "0": {
      "sigma_mean": 31001124.0,
      "mu_mean": 25.713401794433594,
      "n_samples": 500
    },
    "1": {
      "sigma_mean": 18420660.0,
      "mu_mean": 35.513641357421875,
      "n_samples": 500
    }
  }
}