{
  "n_samples": 1000,
  "n_classes": 4,
  "sigma": {
    "min": 9462883.0,
    "max": 58415456.0,
    "mean": 29207990.0,
    "std": 14176199.0
  },
  "mu": {
    "min": 1.4120395183563232,
    "max": 84.69232177734375,
    "mean": 28.103309631347656,
    "std": 26.010881423950195
  },
  "final_losses": {
    "critic": 0.0,
    "generator": -187.62496948242188,
    "wasserstein_distance": 0.5
  },
  "per_class": {
    "0": {
      "sigma_mean": 16408180.0,
      "mu_mean": 14.370152473449707,
      "n_samples": 250
    },
    "1": {
      "sigma_mean": 39408904.0,
      "mu_mean": 41.18474578857422,
      "n_samples": 250
    },
    "2": {
      "sigma_mean": 21666438.0,
      "mu_mean": 13.590737342834473,
      "n_samples": 250
    },
    "3": {
      "sigma_mean": 39348436.0,
      "mu_mean": 43.267616271972656,
      "n_samples": 250
    }
  }
}