{
  "n_samples": 1000,
  "n_classes": 1,
  "sigma": {
    "min": 18813856.0,
    "max": 40225464.0,
    "mean": 28067684.0,
    "std": 7557175.0
  },
  "mu": {
    "min": 1.0203144550323486,
    "max": 9.442153930664062,
    "mean": 4.90301513671875,
    "std": 3.1399197578430176
  },
  "final_losses": {
    "critic": -0.0703125,
    "generator": -13.085885047912598,
    "wasserstein_distance": -0.1015625
  }
}