{
  "n_samples": 1000,
  "K": 50,
  "n_classes": 4,
  "sigma": {
    "min": 9430309.0,
    "max": 57670272.0,
    "mean": 30260170.0,
    "std": 14228264.0
  },
  "mu": {
    "min": 0.9454546570777893,
    "max": 85.64057922363281,
    "mean": 29.743146896362305,
    "std": 26.005401611328125
  },
  "model_dir": "/workspace/GANs-for-1D-Signal/results/four_classes_3000ep/dual_wgan_nz20_nc4_20260301_135007",
  "generation_date": "2026-03-01T15:13:11.067654",
  "per_class": {
    "0": {
      "sigma_mean": 19810902.0,
      "mu_mean": 16.208614349365234,
      "n_samples": 250
    },
    "1": {
      "sigma_mean": 40495676.0,
      "mu_mean": 43.98058319091797,
      "n_samples": 250
    },
    "2": {
      "sigma_mean": 19244798.0,
      "mu_mean": 14.365618705749512,
      "n_samples": 250
    },
    "3": {
      "sigma_mean": 41489308.0,
      "mu_mean": 44.41777420043945,
      "n_samples": 250
    }
  }
}