{
  "n_samples": 1000,
  "K": 51,
  "sigma": {
    "min": 18810630.0,
    "max": 40393740.0,
    "mean": 28220932.0,
    "std": 7669789.0
  },
  "mu": {
    "min": 1.0050134658813477,
    "max": 9.440674781799316,
    "mean": 4.895627975463867,
    "std": 3.1386687755584717
  },
  "model_dir": "results/dual_wgan_nz24/",
  "generation_date": "2026-02-14T16:32:00.990619"
}