{
  "n_samples": 1000,
  "K": 50,
  "n_classes": 2,
  "sigma": {
    "min": 8003813.0,
    "max": 63763440.0,
    "mean": 24781368.0,
    "std": 14859298.0
  },
  "mu": {
    "min": 0.9002414345741272,
    "max": 102.14559173583984,
    "mean": 31.356372833251953,
    "std": 24.284570693969727
  },
  "model_dir": "/workspace/GANs-for-1D-Signal/results/two_classes_3000ep/dual_wgan_nz30_nc2_20260301_125158",
  "generation_date": "2026-03-01T13:40:49.495050",
  "per_class": {
    "0": {
      "sigma_mean": 29949370.0,
      "mu_mean": 24.248584747314453,
      "n_samples": 500
    },
    "1": {
      "sigma_mean": 19613368.0,
      "mu_mean": 38.46416091918945,
      "n_samples": 500
    }
  }
}