{
  "n_samples": 1000,
  "n_classes": 1,
  "sigma": {
    "min": 18818300.0,
    "max": 40234976.0,
    "mean": 28154352.0,
    "std": 7758300.5
  },
  "mu": {
    "min": 1.0084023475646973,
    "max": 9.37722396850586,
    "mean": 4.965666770935059,
    "std": 3.1753084659576416
  },
  "final_losses": {
    "critic": -0.046875,
    "generator": -16.359315872192383,
    "wasserstein_distance": -0.046875
  }
}