{
  "dual_wgan": {
    "final_losses": {
      "critic": 0.20548772811889648,
      "generator": 1.3859622478485107,
      "wasserstein_distance": 0.2858550548553467
    },
    "sigma_stats": {
      "min": 30094132.0,
      "max": 39566952.0,
      "mean": 34206132.0,
      "std": 2389713.5
    },
    "mu_stats": {
      "min": 35.52912902832031,
      "max": 63.4505500793457,
      "mean": 47.37580490112305,
      "std": 7.249689102172852
    },
    "quality_metrics": {
      "sigma_smoothness": 294105.03125,
      "mu_smoothness": 0.8565917015075684,
      "sigma_diversity": 607033.6875,
      "mu_diversity": 1.8719009160995483,
      "wasserstein_distance_sigma": 102814.75572094118,
      "wasserstein_distance_mu": 0.4632076435878502,
      "mse_sigma": 50709933770.13493,
      "mse_mu": 0.5972352663044541
    }
  },
  "improved_wgan_v2": {
    "final_losses": {
      "critic": -0.03737068176269531,
      "generator": -2.8420727252960205,
      "wasserstein_distance": 0.09029197692871094
    },
    "sigma_stats": {
      "min": 30034350.0,
      "max": 39820568.0,
      "mean": 34204944.0,
      "std": 2358354.0
    },
    "mu_stats": {
      "min": 35.1121711730957,
      "max": 64.49510955810547,
      "mean": 47.76303482055664,
      "std": 6.946249008178711
    },
    "quality_metrics": {
      "sigma_smoothness": 152810.28125,
      "mu_smoothness": 0.4506744146347046,
      "sigma_diversity": 629065.9375,
      "mu_diversity": 1.9951976537704468,
      "wasserstein_distance_sigma": 79387.09881248297,
      "wasserstein_distance_mu": 0.13998089418215884,
      "mse_sigma": 7108671028.797978,
      "mse_mu": 0.028583906932501072
    }
  },
  "real_data": {
    "sigma_stats": {
      "min": 30011106.888399955,
      "max": 39894993.42312086,
      "mean": 34262751.610400915,
      "std": 2333824.4776385915
    },
    "mu_stats": {
      "min": 35.023265423443696,
      "max": 64.64882864685347,
      "mean": 47.72225992842706,
      "std": 6.981191568145359
    },
    "quality_metrics": {
      "sigma_smoothness": 150454.49226619635,
      "mu_smoothness": 0.4504027543081592,
      "sigma_diversity": 655650.4753415394,
      "mu_diversity": 1.942667475379896
    }
  }
}