{
  "n_samples": 1000,
  "n_classes": 1,
  "sigma": {
    "min": 18810760.0,
    "max": 40244440.0,
    "mean": 28217864.0,
    "std": 7596160.0
  },
  "mu": {
    "min": 1.012366533279419,
    "max": 9.441923141479492,
    "mean": 4.890152454376221,
    "std": 3.115781784057617
  },
  "final_losses": {
    "critic": 0.0625,
    "generator": -12.84369945526123,
    "wasserstein_distance": 0.2265625
  }
}