{
  "original": {
    "sigma_stats": {
      "mean_diff": 1218840.5757956207,
      "std_diff": 47297.425701435655,
      "ks_statistic": 0.05251,
      "ks_pvalue": 2.2790037461687863e-48,
      "min_diff": 427791.1987724763,
      "max_diff": 507557.94458756596
    },
    "mu_stats": {
      "mean_diff": 3.1817731994267575,
      "std_diff": 0.9798182177871269,
      "ks_statistic": 0.09128999999999998,
      "ks_pvalue": 1.7091549954731427e-145,
      "min_diff": 1.5025654651800564,
      "max_diff": 1.2833942103493712
    },
    "physical_metrics": {
      "sigma_smoothness": 0.9966458678245544,
      "mu_smoothness": 0.9963865876197815,
      "sigma_monotonicity": 0.0,
      "mu_monotonicity": 0.0,
      "sigma_diversity": 4.223100662231445,
      "mu_diversity": 4.082952976226807,
      "sigma_max_gradient": 0.14893069863319397,
      "mu_max_gradient": 0.154642716050148
    },
    "sigma_range": [
      1514480.125,
      59342216.0
    ],
    "mu_range": [
      2.632107734680176,
      98.69009399414062
    ]
  },
  "improved": {
    "sigma_stats": {
      "mean_diff": 734411.4242043793,
      "std_diff": 119601.57429856434,
      "ks_statistic": 0.051140000000000074,
      "ks_pvalue": 6.727722261873905e-46,
      "min_diff": 96088.94877247629,
      "max_diff": 731225.944587566
    },
    "mu_stats": {
      "mean_diff": 2.664322839391602,
      "std_diff": 0.5828417468398612,
      "ks_statistic": 0.07298000000000004,
      "ks_pvalue": 4.442032112706434e-93,
      "min_diff": 2.9237743236700466,
      "max_diff": 0.5954440760720274
    },
    "physical_metrics": {
      "sigma_smoothness": 0.9986041784286499,
      "mu_smoothness": 0.9983886480331421,
      "sigma_monotonicity": 0.0,
      "mu_monotonicity": 0.0,
      "sigma_diversity": 4.322563648223877,
      "mu_diversity": 4.115653038024902,
      "sigma_max_gradient": 0.09624218940734863,
      "mu_max_gradient": 0.1079157143831253
    },
    "sigma_range": [
      1182777.875,
      59118548.0
    ],
    "mu_range": [
      4.053316593170166,
      99.37804412841797
    ]
  },
  "real": {}
}