{
  "experiment": "gan_exp01_sample0000",
  "description": "Single training-data sample recovery",
  "timestamp": "20260226_204123",
  "config": {
    "model": "improved_wgan_v2_nz32_20260214_140817",
    "nz": 32,
    "K": 51,
    "n_restarts": 15,
    "n_iter": 500,
    "seed": 42,
    "impedance_tolerance": 1e-05,
    "probe": {
      "frequency_hz": 1000000.0,
      "inner_radius_m": 0.004,
      "outer_radius_m": 0.006,
      "lift_off_m": 0.0005
    }
  },
  "target": {
    "sigma_true": [
      18850495.52388509,
      18863400.72103511,
      18880547.45861645,
      18902305.30592021,
      18928357.690419752,
      18962913.825228434,
      19004225.730716255,
      19058913.447378237,
      19124130.418542344,
      19210192.4462223,
      19318440.837073363,
      19446666.75918781,
      19614455.047971047,
      19811693.49135957,
      20067336.771076567,
      20381617.135435082,
      20743810.652761977,
      21201980.737407267,
      21718944.514867976,
      22356523.82214934,
      23094108.423993673,
      23886774.145527173,
      24811009.01316944,
      25761389.04222582,
      26817212.243477516,
      27848375.458629657,
      28934064.887891226,
      29989888.089142926,
      30940268.118199304,
      31864502.985841576,
      32657168.707375076,
      33394753.30921941,
      34032332.61650077,
      34549296.39396148,
      35007466.478606775,
      35369659.99593367,
      35683940.36029218,
      35939583.64000918,
      36136822.0833977,
      36304610.37218094,
      36432836.294295385,
      36541084.68514645,
      36623299.27148111,
      36692363.68399051,
      36747051.4006525,
      36788363.30614032,
      36822919.44094899,
      36848971.825448535,
      36870729.6727523,
      36887876.41033363,
      36900781.607483655
    ],
    "mu_true": [
      8.464627524559978,
      8.459305517370183,
      8.452234330496509,
      8.44326155631577,
      8.432517746980194,
      8.418267054351064,
      8.401230332209247,
      8.378677525159102,
      8.351782531971695,
      8.316291192726231,
      8.271650362547822,
      8.218770947264348,
      8.149576306617872,
      8.068236641550007,
      7.962811256965766,
      7.833204375390588,
      7.683838466377149,
      7.4948925358125145,
      7.281700524212406,
      7.01876756643037,
      6.71459316998649,
      6.38770373001403,
      6.006556154082382,
      5.614626508306574,
      5.179212883633373,
      4.753968853565851,
      4.306238618898026,
      3.870824994224824,
      3.478895348449016,
      3.0977477725173683,
      2.7708583325449077,
      2.4666839361010275,
      2.2037509783189924,
      1.9905589667188828,
      1.8016130361542482,
      1.6522471271408081,
      1.5226402455656318,
      1.4172148609813915,
      1.3358751959135242,
      1.2666805552670484,
      1.213801139983576,
      1.1691603098051653,
      1.1352556267156597,
      1.1067739773722955,
      1.0842211703221514,
      1.067184448180333,
      1.0529337555512024,
      1.0421899462156272,
      1.0332171720348873,
      1.0261459851612145,
      1.0208239779714194
    ],
    "impedance_real": -0.11478717282309776,
    "impedance_imag": -0.20607947656393275,
    "impedance_magnitude": 0.23589159736112736
  },
  "result": {
    "sigma_rec": [
      18871804.0,
      18886100.0,
      18910374.0,
      18919408.0,
      18946340.0,
      19017412.0,
      19177806.0,
      19288338.0,
      19342896.0,
      19572072.0,
      19711700.0,
      19769692.0,
      20142832.0,
      20262536.0,
      20359840.0,
      20760766.0,
      21041458.0,
      21443612.0,
      21971208.0,
      22604466.0,
      23317498.0,
      24596788.0,
      25798948.0,
      26827736.0,
      28297492.0,
      29376230.0,
      30933154.0,
      32377478.0,
      33489724.0,
      34668720.0,
      35583828.0,
      36537376.0,
      37346376.0,
      37926160.0,
      38240144.0,
      38588604.0,
      38882120.0,
      39025376.0,
      39152840.0,
      39307772.0,
      39386064.0,
      39422084.0,
      39677752.0,
      39789024.0,
      39754304.0,
      39786144.0,
      39913728.0,
      39886312.0,
      39898104.0,
      39905060.0,
      39771304.0
    ],
    "mu_rec": [
      9.071422576904297,
      9.068723678588867,
      9.046588897705078,
      9.027787208557129,
      9.009993553161621,
      8.966662406921387,
      8.923205375671387,
      8.890044212341309,
      8.857705116271973,
      8.810478210449219,
      8.752081871032715,
      8.706111907958984,
      8.601217269897461,
      8.46303939819336,
      8.377367973327637,
      8.296164512634277,
      8.14819049835205,
      7.989686965942383,
      7.804119110107422,
      7.55405855178833,
      7.2229533195495605,
      6.859147071838379,
      6.341075420379639,
      5.890066623687744,
      5.445134162902832,
      4.826350212097168,
      4.236976623535156,
      3.7733840942382812,
      3.2771973609924316,
      2.7675113677978516,
      2.4495396614074707,
      2.0135111808776855,
      1.800367832183838,
      1.6235111951828003,
      1.4904484748840332,
      1.3297127485275269,
      1.260680913925171,
      1.2183598279953003,
      1.1808185577392578,
      1.1579415798187256,
      1.1380105018615723,
      1.099266767501831,
      1.0770024061203003,
      1.0439577102661133,
      1.0224906206130981,
      1.0220948457717896,
      1.0159494876861572,
      1.0129820108413696,
      1.0210362672805786,
      1.0183427333831787,
      1.009781002998352
    ],
    "best_z": [
      0.3524826467037201,
      -1.0399694442749023,
      0.8028067946434021,
      0.912868082523346,
      -1.9665749073028564,
      -1.276338815689087,
      0.12693440914154053,
      -0.25290125608444214,
      -0.016072269529104233,
      -0.8555359244346619,
      0.8263586759567261,
      0.7714130878448486,
      0.12047526985406876,
      1.1407747268676758,
      0.40527981519699097,
      -0.8788406848907471,
      0.40495768189430237,
      -0.9246323704719543,
      0.8657423853874207,
      -0.0499192513525486,
      -0.18573376536369324,
      -0.6391588449478149,
      1.1720478534698486,
      -0.15452350676059723,
      -0.45215192437171936,
      -0.3748260736465454,
      0.4526577591896057,
      0.37959885597229004,
      0.46702104806900024,
      0.4868691861629486,
      2.1858577728271484,
      -0.35518646240234375
    ],
    "best_mismatch_ohm": 0.07268742718751685,
    "all_mismatches_ohm": [
      0.07268742718751685,
      0.5684001867318808,
      0.9322702435260022,
      0.28884993426250954,
      1.006010421867679,
      0.810988777966271,
      0.3960131895755618,
      0.2389423284896062,
      0.7982906499047837,
      0.8261443357771103,
      0.41294360287663184,
      0.1208573219459464,
      0.2896459816184091,
      1.047462421111692,
      0.21006812873707045
    ],
    "elapsed_s": 553.8991234999849,
    "passed": false
  },
  "metrics": {
    "sigma_rmse": 2130662.132723927,
    "sigma_rmse_pct": 7.64362313934558,
    "mu_rmse": 0.3763307641478309,
    "mu_rmse_pct": 7.934483746004889,
    "impedance_error_ohm": 0.07268742718750872,
    "best_restart_idx": 0,
    "n_restarts_passed": 0
  }
}