{
  "n_samples": 1000,
  "n_classes": 2,
  "sigma": {
    "min": 2705174.0,
    "max": 59298572.0,
    "mean": 24574254.0,
    "std": 12831525.0
  },
  "mu": {
    "min": 1.924188256263733,
    "max": 91.31179809570312,
    "mean": 35.638450622558594,
    "std": 19.70042610168457
  },
  "final_losses": {
    "critic": -0.078125,
    "generator": -28.468727111816406,
    "wasserstein_distance": 0.15625
  },
  "per_class": {
    "0": {
      "sigma_mean": 25557142.0,
      "mu_mean": 35.319366455078125,
      "n_samples": 500
    },
    "1": {
      "sigma_mean": 23591366.0,
      "mu_mean": 35.95753860473633,
      "n_samples": 500
    }
  }
}