{
  "n_samples": 1000,
  "K": 51,
  "n_classes": 1,
  "sigma": {
    "min": 18903106.0,
    "max": 39416284.0,
    "mean": 28281478.0,
    "std": 7665756.0
  },
  "mu": {
    "min": 1.0664167404174805,
    "max": 9.04808521270752,
    "mean": 4.885000705718994,
    "std": 3.119731903076172
  },
  "model_dir": "/workspace/GANs-for-1D-Signal/results/dual_wgan_nz30_20260228_191509/",
  "generation_date": "2026-02-28T19:23:40.642127"
}