{
  "sigma_mean": 30429097.42420438,
  "sigma_std": 14289958.425701436,
  "mu_mean": 50.355473504674805,
  "mu_std": 23.95084177735744,
  "sigma_min": 1086688.9262275237,
  "sigma_max": 59849773.944587566,
  "mu_min": 1.1295422695001194,
  "mu_max": 99.97348820449,
  "K": 50,
  "N": 2000
}