{
  "n_samples": 1000,
  "n_classes": 1,
  "sigma": {
    "min": 18906872.0,
    "max": 40384616.0,
    "mean": 27961840.0,
    "std": 7676810.0
  },
  "mu": {
    "min": 1.0147360563278198,
    "max": 9.369128227233887,
    "mean": 4.946182727813721,
    "std": 3.183307409286499
  },
  "final_losses": {
    "critic": -0.109375,
    "generator": -18.765533447265625,
    "wasserstein_distance": -0.03125
  }
}