{
  "experiment": "gan_exp02_multi_sample",
  "description": "Multi-sample performance sweep",
  "timestamp": "20260228_185937",
  "config": {
    "n_restarts": 8,
    "n_iter": 500,
    "seed": 42,
    "fd_epsilon": 0.001,
    "n_quad_opt": 20,
    "n_quad_refine": 50,
    "n_quad_verify": 150,
    "impedance_tolerance": 1e-05,
    "sample_indices": [
      1693,
      1626,
      1268,
      1018,
      537,
      81,
      33,
      614,
      350,
      150
    ]
  },
  "aggregate": {
    "n_samples": 10,
    "n_passed": 0,
    "pass_rate_pct": 0.0,
    "median_mismatch_ohm": 0.05772126662314293,
    "best_mismatch_ohm": 0.0002234135477353125,
    "worst_mismatch_ohm": 0.1238860938829242,
    "median_sigma_rmse": 1056336.588600164,
    "median_mu_rmse": 0.4589737774345356
  },
  "per_sample": [
    {
      "sample_idx": 1693,
      "passed": false,
      "best_mismatch_ohm": 0.07475670043704902,
      "all_mismatches_ohm": [
        0.07475670043704541,
        0.10412598931296792,
        0.07798307158827725,
        0.09994537181133477,
        0.08286438509674948,
        0.07740044848962407,
        0.24624274308447872,
        0.13109717982729185
      ],
      "sigma_rmse": 1663805.8118273285,
      "sigma_rmse_pct": 6.110056429051277,
      "mu_rmse": 0.4613798717225923,
      "mu_rmse_pct": 9.76470932975371,
      "elapsed_s": 106.40591455250978
    },
    {
      "sample_idx": 1626,
      "passed": false,
      "best_mismatch_ohm": 0.005529287087499559,
      "all_mismatches_ohm": [
        0.0055292870874998935,
        0.05759946828588623,
        0.01806030468881278,
        0.10702321371028184,
        0.07439162703439202,
        0.15447113979209703,
        0.018857788916857104,
        0.1606319411661203
      ],
      "sigma_rmse": 1567744.2839916172,
      "sigma_rmse_pct": 5.724884468618605,
      "mu_rmse": 0.6946491904466219,
      "mu_rmse_pct": 15.197999468418164,
      "elapsed_s": 118.19599881768227
    },
    {
      "sample_idx": 1268,
      "passed": false,
      "best_mismatch_ohm": 0.1238860938829242,
      "all_mismatches_ohm": [
        0.13631166295067304,
        0.12388609388292306,
        0.1303082049577509,
        0.19027673259444963,
        0.23497372281363915,
        0.33516217337679177,
        0.1239590437953389,
        0.1303958054985555
      ],
      "sigma_rmse": 559572.423109616,
      "sigma_rmse_pct": 1.962600018508898,
      "mu_rmse": 0.20474676888861054,
      "mu_rmse_pct": 4.107211437524269,
      "elapsed_s": 154.11117719113827
    },
    {
      "sample_idx": 1018,
      "passed": false,
      "best_mismatch_ohm": 0.04068583280923684,
      "all_mismatches_ohm": [
        0.040685832809249436,
        0.06483146678655827,
        0.11818652358912028,
        0.13877242860233927,
        0.05227044399738116,
        0.2063438300197366,
        0.09713492620420269,
        0.20884703518740066
      ],
      "sigma_rmse": 1153643.6480130497,
      "sigma_rmse_pct": 3.9235794228719123,
      "mu_rmse": 0.6037231679544627,
      "mu_rmse_pct": 13.080752018269523,
      "elapsed_s": 116.99330240488052
    },
    {
      "sample_idx": 537,
      "passed": false,
      "best_mismatch_ohm": 0.07871371590524603,
      "all_mismatches_ohm": [
        0.07919515860802005,
        0.1144975945252019,
        0.07954502012539116,
        0.16606474069275137,
        0.11501568817841061,
        0.07871371590524774,
        0.09129776937446436,
        0.2521292645723791
      ],
      "sigma_rmse": 2626979.7287422386,
      "sigma_rmse_pct": 9.547171420700668,
      "mu_rmse": 0.47937143071565935,
      "mu_rmse_pct": 10.276948542586203,
      "elapsed_s": 124.60756255686283
    },
    {
      "sample_idx": 81,
      "passed": false,
      "best_mismatch_ohm": 0.0005940767101159592,
      "all_mismatches_ohm": [
        0.0005940767101117626,
        0.03816502031705839,
        0.040854921643781225,
        0.01776580252151015,
        0.06732090157501518,
        0.07457514055492634,
        0.08878567121538337,
        0.0976311291135378
      ],
      "sigma_rmse": 837739.8914087226,
      "sigma_rmse_pct": 2.9314507205566227,
      "mu_rmse": 0.4901819223865268,
      "mu_rmse_pct": 10.625507171860546,
      "elapsed_s": 105.997667260468
    },
    {
      "sample_idx": 33,
      "passed": false,
      "best_mismatch_ohm": 0.09915341132136823,
      "all_mismatches_ohm": [
        0.14857992505899936,
        0.13853806840069738,
        0.18675419988365827,
        0.15597951168407434,
        0.10612648390824402,
        0.36383777375358684,
        0.2680578971764179,
        0.1890276771809276
      ],
      "sigma_rmse": 1120818.3930535596,
      "sigma_rmse_pct": 3.799764349092601,
      "mu_rmse": 0.39284156318432417,
      "mu_rmse_pct": 7.537469963760414,
      "elapsed_s": 161.1886886358261
    },
    {
      "sample_idx": 614,
      "passed": false,
      "best_mismatch_ohm": 0.0002234135477353125,
      "all_mismatches_ohm": [
        0.024090799985423978,
        0.04252795470775785,
        0.020561269457456195,
        0.031214061609252566,
        0.000755797674889147,
        0.02887757769938868,
        0.06459702752960204,
        0.06686149339226688
      ],
      "sigma_rmse": 822906.2176410487,
      "sigma_rmse_pct": 2.8100375726808093,
      "mu_rmse": 0.43046456017538604,
      "mu_rmse_pct": 9.007473844803563,
      "elapsed_s": 167.47111654281616
    },
    {
      "sample_idx": 350,
      "passed": false,
      "best_mismatch_ohm": 0.10754675766231615,
      "all_mismatches_ohm": [
        0.12230301724399713,
        0.1588019730349793,
        0.10770376197053087,
        0.18851901126531015,
        0.21874152798280183,
        0.1250065028542693,
        0.11296220825017106,
        0.31543012352818545
      ],
      "sigma_rmse": 991854.7841467686,
      "sigma_rmse_pct": 3.512460142154757,
      "mu_rmse": 0.140323462841927,
      "mu_rmse_pct": 2.812031153285801,
      "elapsed_s": 98.90566752105951
    },
    {
      "sample_idx": 150,
      "passed": false,
      "best_mismatch_ohm": 0.007650060373928962,
      "all_mismatches_ohm": [
        0.06966435127693922,
        0.007650060373924258,
        0.050939687681329004,
        0.15529669095273313,
        0.008234433445604821,
        0.019548016768377807,
        0.08193094407844874,
        0.0477325621170467
      ],
      "sigma_rmse": 936319.5038325567,
      "sigma_rmse_pct": 3.1866555096884395,
      "mu_rmse": 0.45656768314647894,
      "mu_rmse_pct": 9.52877198095316,
      "elapsed_s": 217.61937528848648
    }
  ]
}