{
  "K": 50,
  "sigma_min": 30011106.888399955,
  "sigma_max": 39894993.42312086,
  "mu_min": 35.023265423443696,
  "mu_max": 64.64882864685347,
  "N": 2000
}