{
  "n_samples": 1000,
  "K": 51,
  "n_classes": 1,
  "sigma": {
    "min": 18812522.0,
    "max": 40161216.0,
    "mean": 28209716.0,
    "std": 7726377.0
  },
  "mu": {
    "min": 1.0048309564590454,
    "max": 9.336244583129883,
    "mean": 4.926907062530518,
    "std": 3.1977007389068604
  },
  "model_dir": "/workspace/GANs-for-1D-Signal/results/dual_wgan_nz24_20260228_185812/",
  "generation_date": "2026-02-28T19:23:04.852369"
}