{
  "n_samples": 1000,
  "n_classes": 1,
  "sigma": {
    "min": 18827444.0,
    "max": 40272028.0,
    "mean": 28459650.0,
    "std": 7725275.5
  },
  "mu": {
    "min": 1.0072152614593506,
    "max": 9.4060640335083,
    "mean": 4.905881881713867,
    "std": 3.1514766216278076
  },
  "final_losses": {
    "critic": 0.0625,
    "generator": -33.09369659423828,
    "wasserstein_distance": 0.09375
  }
}