{
  "model_name": "Improved WGAN v2",
  "overall_passed": false,
  "criteria": {
    "1_moment_matching": {
      "passed": false,
      "mean_rel_diff": 0.49329363812836896,
      "variance_ratio": 2.021758623342546,
      "mode_collapse": false,
      "noise_amplification": true
    },
    "2_distribution_distance": {
      "wasserstein_mean": 0.05371867850710528,
      "mmd_score": 0.0836794079198876,
      "mmd_sigma": 0.011321786135411682,
      "mmd_mu": 0.07235762178447591
    },
    "3_latent_traversal": {
      "passed": true,
      "active_dimensions": 20,
      "total_tested": 20,
      "inactive_ratio": 0.0,
      "smoothness_score": 1.0
    },
    "4_physics_consistency": {
      "passed": false,
      "bounds_sigma_ratio": 1.0,
      "bounds_mu_ratio": 1.0,
      "forward_valid": 20,
      "forward_total": 20
    },
    "5_noise_robustness": {
      "passed": true,
      "mean_lipschitz": 0.924706666469574
    },
    "6_class_separation": {
      "passed": true,
      "n_classes": 2,
      "separation_ratio": 0.7891598060492317,
      "inter_class_wasserstein_real": 0.1917379099767793,
      "inter_class_wasserstein_gen": 0.1513118519284762,
      "per_class_real": [
        {
          "sigma_mean": -0.2289391598214112,
          "sigma_std": 0.6420704691419471,
          "mu_mean": -0.5194598205388947,
          "mu_std": 0.43148529084074355,
          "n_samples": 2000
        },
        {
          "sigma_mean": -0.5999743511290931,
          "sigma_std": 0.2330013940093414,
          "mu_mean": -0.26733486980776133,
          "mu_std": 0.48553880265274346,
          "n_samples": 2000
        }
      ],
      "per_class_gen": [
        {
          "sigma_mean": -0.24851766228675842,
          "sigma_std": 0.6349295377731323,
          "mu_mean": -0.5454010963439941,
          "mu_std": 0.4065750241279602,
          "n_samples": 250
        },
        {
          "sigma_mean": -0.6006960272789001,
          "sigma_std": 0.2693959176540375,
          "mu_mean": -0.29406484961509705,
          "mu_std": 0.5255204439163208,
          "n_samples": 250
        }
      ]
    }
  }
}