{
  "n_samples": 1000,
  "K": 51,
  "sigma": {
    "min": 18811080.0,
    "max": 40278384.0,
    "mean": 28326262.0,
    "std": 7716487.5
  },
  "mu": {
    "min": 1.0047682523727417,
    "max": 9.365116119384766,
    "mean": 4.932966709136963,
    "std": 3.137143850326538
  },
  "model_dir": "results/dual_wgan_nz10",
  "generation_date": "2026-02-14T15:56:28.918623"
}