{
  "n_samples": 1000,
  "K": 51,
  "sigma": {
    "min": 18810660.0,
    "max": 40311776.0,
    "mean": 28252058.0,
    "std": 7665390.5
  },
  "mu": {
    "min": 1.0047121047973633,
    "max": 9.401384353637695,
    "mean": 4.92111349105835,
    "std": 3.134737730026245
  },
  "model_dir": "results/dual_wgan_nz10/",
  "generation_date": "2026-02-14T16:31:34.671902"
}