{
  "n_samples": 1000,
  "n_classes": 2,
  "sigma": {
    "min": 8294082.5,
    "max": 64048032.0,
    "mean": 24159202.0,
    "std": 14625606.0
  },
  "mu": {
    "min": 0.9683437943458557,
    "max": 94.84076690673828,
    "mean": 30.483339309692383,
    "std": 24.9433650970459
  },
  "final_losses": {
    "critic": -0.5,
    "generator": -123.12495422363281,
    "wasserstein_distance": 0.375
  },
  "per_class": {
    "0": {
      "sigma_mean": 29307678.0,
      "mu_mean": 24.012937545776367,
      "n_samples": 500
    },
    "1": {
      "sigma_mean": 19010730.0,
      "mu_mean": 36.953739166259766,
      "n_samples": 500
    }
  }
}