{
  "n_samples": 1000,
  "K": 51,
  "sigma": {
    "min": 18810946.0,
    "max": 40242960.0,
    "mean": 28325300.0,
    "std": 7722345.5
  },
  "mu": {
    "min": 1.0048842430114746,
    "max": 9.419479370117188,
    "mean": 4.931318759918213,
    "std": 3.1540350914001465
  },
  "model_dir": "results/dual_wgan_optimized_20260214_123402",
  "generation_date": "2026-02-14T14:46:51.166786"
}