{
  "K": 51,
  "sigma_min": 18810564.546982836,
  "sigma_max": 40430204.630051635,
  "mu_min": 1.0046969416375982,
  "mu_max": 9.45226732538497,
  "N": 2000
}