{
  "n_samples": 1000,
  "K": 50,
  "n_classes": 4,
  "sigma": {
    "min": 9494014.0,
    "max": 58941528.0,
    "mean": 29991452.0,
    "std": 13687351.0
  },
  "mu": {
    "min": 0.9443163871765137,
    "max": 83.33655548095703,
    "mean": 29.180212020874023,
    "std": 24.91242027282715
  },
  "model_dir": "/workspace/GANs-for-1D-Signal/results/four_classes_v1/dual_wgan_nz20_nc4_20260301_120316/",
  "generation_date": "2026-03-01T12:32:20.829242",
  "per_class": {
    "0": {
      "sigma_mean": 20165412.0,
      "mu_mean": 14.682665824890137,
      "n_samples": 250
    },
    "1": {
      "sigma_mean": 39919092.0,
      "mu_mean": 42.705570220947266,
      "n_samples": 250
    },
    "2": {
      "sigma_mean": 20602414.0,
      "mu_mean": 16.93906021118164,
      "n_samples": 250
    },
    "3": {
      "sigma_mean": 39278892.0,
      "mu_mean": 42.393550872802734,
      "n_samples": 250
    }
  }
}