{
  "model_name": "Dual-Head WGAN",
  "overall_passed": false,
  "criteria": {
    "1_moment_matching": {
      "passed": true,
      "mean_rel_diff": 0.5324284188237407,
      "variance_ratio": 1.0741419331991706,
      "mode_collapse": false,
      "noise_amplification": false
    },
    "2_distribution_distance": {
      "wasserstein_mean": 0.0637991713858645,
      "mmd_score": 0.12169169545646652,
      "mmd_sigma": 0.0491599958642408,
      "mmd_mu": 0.07253169959222572
    },
    "3_latent_traversal": {
      "passed": true,
      "active_dimensions": 20,
      "total_tested": 20,
      "inactive_ratio": 0.0,
      "smoothness_score": 1.0
    },
    "4_physics_consistency": {
      "passed": false,
      "bounds_sigma_ratio": 1.0,
      "bounds_mu_ratio": 1.0,
      "forward_valid": 20,
      "forward_total": 20
    },
    "5_noise_robustness": {
      "passed": true,
      "mean_lipschitz": 0.8876972734928131
    },
    "6_class_separation": {
      "passed": true,
      "n_classes": 2,
      "separation_ratio": 0.9263654838339094,
      "inter_class_wasserstein_real": 0.1928907914729521,
      "inter_class_wasserstein_gen": 0.17868737146258354,
      "per_class_real": [
        {
          "sigma_mean": -0.22848950508783963,
          "sigma_std": 0.642161015072233,
          "mu_mean": -0.5190545126880446,
          "mu_std": 0.431086321503248,
          "n_samples": 2000
        },
        {
          "sigma_mean": -0.6028598230596843,
          "sigma_std": 0.23091602901055816,
          "mu_mean": -0.2725159057946999,
          "mu_std": 0.4824484030188554,
          "n_samples": 2000
        }
      ],
      "per_class_gen": [
        {
          "sigma_mean": -0.26197633147239685,
          "sigma_std": 0.6241692304611206,
          "mu_mean": -0.5101880431175232,
          "mu_std": 0.4503101408481598,
          "n_samples": 250
        },
        {
          "sigma_mean": -0.5988554954528809,
          "sigma_std": 0.23066623508930206,
          "mu_mean": -0.2951851189136505,
          "mu_std": 0.4908420145511627,
          "n_samples": 250
        }
      ]
    }
  }
}