{
  "n_samples": 1000,
  "K": 51,
  "sigma": {
    "min": 18810594.0,
    "max": 40407648.0,
    "mean": 28176632.0,
    "std": 7763371.5
  },
  "mu": {
    "min": 1.0047696828842163,
    "max": 9.418068885803223,
    "mean": 4.888381004333496,
    "std": 3.136429786682129
  },
  "model_dir": "results/dual_wgan_nz64/",
  "generation_date": "2026-02-14T16:32:20.428750"
}