{
  "n_samples": 1000,
  "K": 51,
  "sigma": {
    "min": 18810582.0,
    "max": 40395640.0,
    "mean": 28185610.0,
    "std": 7726634.5
  },
  "mu": {
    "min": 1.0047725439071655,
    "max": 9.414599418640137,
    "mean": 4.896079063415527,
    "std": 3.13843035697937
  },
  "model_dir": "results/dual_wgan_nz64",
  "generation_date": "2026-02-14T15:56:59.628382"
}