{
  "n_samples": 1000,
  "K": 51,
  "n_classes": 1,
  "sigma": {
    "min": 18811988.0,
    "max": 40192872.0,
    "mean": 28215072.0,
    "std": 7750950.5
  },
  "mu": {
    "min": 1.0047039985656738,
    "max": 9.43751049041748,
    "mean": 4.916263103485107,
    "std": 3.1425116062164307
  },
  "model_dir": "/workspace/GANs-for-1D-Signal/results/dual_wgan_nz28_20260228_190816/",
  "generation_date": "2026-02-28T19:23:22.458665"
}