{
  "model_name": "Dual-Head WGAN",
  "overall_passed": false,
  "criteria": {
    "1_moment_matching": {
      "passed": true,
      "mean_rel_diff": 0.5072352175280964,
      "variance_ratio": 1.278759048871659,
      "mode_collapse": false,
      "noise_amplification": false
    },
    "2_distribution_distance": {
      "wasserstein_mean": 0.06830246570761427,
      "mmd_score": 0.13863888545402558,
      "mmd_sigma": 0.024251583557417078,
      "mmd_mu": 0.1143873018966085
    },
    "3_latent_traversal": {
      "passed": true,
      "active_dimensions": 20,
      "total_tested": 20,
      "inactive_ratio": 0.0,
      "smoothness_score": 1.0
    },
    "4_physics_consistency": {
      "passed": false,
      "bounds_sigma_ratio": 1.0,
      "bounds_mu_ratio": 1.0,
      "forward_valid": 20,
      "forward_total": 20
    },
    "5_noise_robustness": {
      "passed": true,
      "mean_lipschitz": 0.7060980761051178
    },
    "6_class_separation": {
      "passed": true,
      "n_classes": 2,
      "separation_ratio": 0.9047033647385359,
      "inter_class_wasserstein_real": 0.1928907914729521,
      "inter_class_wasserstein_gen": 0.1745089481631294,
      "per_class_real": [
        {
          "sigma_mean": -0.22848950508783963,
          "sigma_std": 0.642161015072233,
          "mu_mean": -0.5190545126880446,
          "mu_std": 0.431086321503248,
          "n_samples": 2000
        },
        {
          "sigma_mean": -0.6028598230596843,
          "sigma_std": 0.23091602901055816,
          "mu_mean": -0.2725159057946999,
          "mu_std": 0.4824484030188554,
          "n_samples": 2000
        }
      ],
      "per_class_gen": [
        {
          "sigma_mean": -0.24779778718948364,
          "sigma_std": 0.6563283801078796,
          "mu_mean": -0.5242246985435486,
          "mu_std": 0.4231869876384735,
          "n_samples": 250
        },
        {
          "sigma_mean": -0.587871253490448,
          "sigma_std": 0.2517089545726776,
          "mu_mean": -0.19890904426574707,
          "mu_std": 0.48096179962158203,
          "n_samples": 250
        }
      ]
    }
  }
}