{
  "experiment": "gan_exp02_multi_sample",
  "description": "Multi-sample performance sweep",
  "timestamp": "20260226_213630",
  "config": {
    "n_restarts": 5,
    "n_iter": 500,
    "seed": 42,
    "fd_epsilon": 0.001,
    "impedance_tolerance": 1e-05,
    "sample_indices": [
      1245,
      1789,
      1548,
      1664,
      1153,
      600,
      1881,
      111,
      449,
      1363
    ]
  },
  "aggregate": {
    "n_samples": 10,
    "n_passed": 4,
    "pass_rate_pct": 40.0,
    "median_mismatch_ohm": 1.0333907369900767e-05,
    "best_mismatch_ohm": 2.015712201642758e-06,
    "worst_mismatch_ohm": 5.408412700934031e-05,
    "median_sigma_rmse": 1236249.0472343466,
    "median_mu_rmse": 0.32774634375607103
  },
  "per_sample": [
    {
      "sample_idx": 1245,
      "passed": true,
      "best_mismatch_ohm": 6.8296048082742696e-06,
      "all_mismatches_ohm": [
        0.00040058068736406805,
        4.1874839419570196e-05,
        7.470001044892512e-05,
        6.8296048082742696e-06,
        0.00018834008285146265
      ],
      "sigma_rmse": 1145876.8108123199,
      "sigma_rmse_pct": 4.008545597808844,
      "mu_rmse": 0.4671948426610671,
      "mu_rmse_pct": 9.975194357072874,
      "elapsed_s": 105.6110703329905
    },
    {
      "sample_idx": 1789,
      "passed": true,
      "best_mismatch_ohm": 6.099947272541732e-06,
      "all_mismatches_ohm": [
        6.099947272541732e-06,
        1.150313499377018e-05,
        7.91337622590305e-05,
        8.06628099116355e-05,
        6.335984892393233e-05
      ],
      "sigma_rmse": 1214188.908457042,
      "sigma_rmse_pct": 4.29323965892553,
      "mu_rmse": 0.2789487267568607,
      "mu_rmse_pct": 5.34647507583499,
      "elapsed_s": 98.33453062502667
    },
    {
      "sample_idx": 1548,
      "passed": true,
      "best_mismatch_ohm": 5.524108892617559e-06,
      "all_mismatches_ohm": [
        0.00010331511754224784,
        4.278186262043353e-05,
        5.524108892617559e-06,
        7.516913713524734e-05,
        4.857654092381593e-05
      ],
      "sigma_rmse": 1050989.4581217044,
      "sigma_rmse_pct": 3.901242279073576,
      "mu_rmse": 0.38912360698843074,
      "mu_rmse_pct": 8.158019251406321,
      "elapsed_s": 126.50129224994453
    },
    {
      "sample_idx": 1664,
      "passed": false,
      "best_mismatch_ohm": 5.408412700934031e-05,
      "all_mismatches_ohm": [
        0.00021603217523328552,
        0.0001336246727428536,
        7.899572130918885e-05,
        0.00033094783623640066,
        5.408412700934031e-05
      ],
      "sigma_rmse": 2291098.98775134,
      "sigma_rmse_pct": 7.73513941216688,
      "mu_rmse": 0.21493169372412757,
      "mu_rmse_pct": 4.356105022664738,
      "elapsed_s": 94.45554237504257
    },
    {
      "sample_idx": 1153,
      "passed": false,
      "best_mismatch_ohm": 1.0317188412814669e-05,
      "all_mismatches_ohm": [
        0.0005925756009925974,
        0.0001507236363220141,
        0.000306433870360356,
        1.927377528181276e-05,
        1.0317188412814669e-05
      ],
      "sigma_rmse": 800497.4980413975,
      "sigma_rmse_pct": 2.7854922648783473,
      "mu_rmse": 0.2160167075286205,
      "mu_rmse_pct": 4.451665490698209,
      "elapsed_s": 113.51041095901746
    },
    {
      "sample_idx": 600,
      "passed": true,
      "best_mismatch_ohm": 2.015712201642758e-06,
      "all_mismatches_ohm": [
        5.077331465713666e-06,
        1.7974806210542686e-05,
        5.969068497234475e-05,
        2.015712201642758e-06,
        2.1097101670180353e-05
      ],
      "sigma_rmse": 3201125.1331933425,
      "sigma_rmse_pct": 11.728143154131516,
      "mu_rmse": 0.3771027152547676,
      "mu_rmse_pct": 7.563609572278529,
      "elapsed_s": 94.7174663330079
    },
    {
      "sample_idx": 1881,
      "passed": false,
      "best_mismatch_ohm": 1.847610052559283e-05,
      "all_mismatches_ohm": [
        5.227665811210037e-05,
        0.00019285772119447269,
        0.00029691475545111894,
        4.768405056587319e-05,
        1.847610052559283e-05
      ],
      "sigma_rmse": 1582936.1124227864,
      "sigma_rmse_pct": 5.405513255184842,
      "mu_rmse": 0.2339144943684968,
      "mu_rmse_pct": 4.6291669577574295,
      "elapsed_s": 137.36115858401172
    },
    {
      "sample_idx": 111,
      "passed": false,
      "best_mismatch_ohm": 5.188678876108703e-05,
      "all_mismatches_ohm": [
        0.00036435402981922657,
        0.00018251853996420985,
        5.479584786468068e-05,
        5.188678876108703e-05,
        5.498146890330994e-05
      ],
      "sigma_rmse": 2900567.8798136087,
      "sigma_rmse_pct": 10.635479988084892,
      "mu_rmse": 0.4612185748857083,
      "mu_rmse_pct": 9.805704674216816,
      "elapsed_s": 100.51209920801921
    },
    {
      "sample_idx": 449,
      "passed": false,
      "best_mismatch_ohm": 1.0350626326986866e-05,
      "all_mismatches_ohm": [
        0.0004044224383279058,
        9.241515317508443e-05,
        0.00025751580961053594,
        0.00014717969433399015,
        1.0350626326986866e-05
      ],
      "sigma_rmse": 1258309.1860116515,
      "sigma_rmse_pct": 4.651271662103502,
      "mu_rmse": 0.28413152395384833,
      "mu_rmse_pct": 5.923992860560507,
      "elapsed_s": 87.2789972499595
    },
    {
      "sample_idx": 1363,
      "passed": false,
      "best_mismatch_ohm": 1.1027006145117072e-05,
      "all_mismatches_ohm": [
        0.0002988444627448497,
        3.165196454563696e-05,
        4.323999866934507e-05,
        0.0005983670817505184,
        1.1027006145117072e-05
      ],
      "sigma_rmse": 669033.9727991745,
      "sigma_rmse_pct": 2.339205442713387,
      "mu_rmse": 0.37136116355829374,
      "mu_rmse_pct": 7.827122659698526,
      "elapsed_s": 81.65095574996667
    }
  ]
}