{
  "n_samples": 1000,
  "K": 50,
  "n_classes": 2,
  "sigma": {
    "min": 8002439.5,
    "max": 64921576.0,
    "mean": 24161230.0,
    "std": 14598403.0
  },
  "mu": {
    "min": 0.9002535939216614,
    "max": 102.2477798461914,
    "mean": 30.809267044067383,
    "std": 24.75042152404785
  },
  "model_dir": "/workspace/GANs-for-1D-Signal/results/two_classes_3000ep/dual_wgan_nz10_nc2_20260301_125158",
  "generation_date": "2026-03-01T13:41:10.207922",
  "per_class": {
    "0": {
      "sigma_mean": 29483496.0,
      "mu_mean": 27.064695358276367,
      "n_samples": 500
    },
    "1": {
      "sigma_mean": 18838966.0,
      "mu_mean": 34.55384063720703,
      "n_samples": 500
    }
  }
}