{
  "model_name": "Improved WGAN v2",
  "overall_passed": true,
  "criteria": {
    "1_moment_matching": {
      "passed": true,
      "mean_rel_diff": 0.2493583425092277,
      "variance_ratio": 1.4162248053565736,
      "mode_collapse": false,
      "noise_amplification": false
    },
    "2_distribution_distance": {
      "wasserstein_mean": 0.0452100637274745,
      "mmd_score": 0.05879788787198692,
      "mmd_sigma": 0.006311169702238217,
      "mmd_mu": 0.0524867181697487
    },
    "3_latent_traversal": {
      "passed": true,
      "active_dimensions": 10,
      "total_tested": 10,
      "inactive_ratio": 0.0,
      "smoothness_score": 1.0
    },
    "4_physics_consistency": {
      "passed": true,
      "bounds_sigma_ratio": 1.0,
      "bounds_mu_ratio": 1.0,
      "forward_valid": 20,
      "forward_total": 20
    },
    "5_noise_robustness": {
      "passed": true,
      "mean_lipschitz": 1.1816329598426818
    },
    "6_class_separation": {
      "passed": true,
      "n_classes": 2,
      "separation_ratio": 0.9823591735296302,
      "inter_class_wasserstein_real": 0.1917379099767793,
      "inter_class_wasserstein_gen": 0.18835549487732348,
      "per_class_real": [
        {
          "sigma_mean": -0.2289391598214112,
          "sigma_std": 0.6420704691419471,
          "mu_mean": -0.5194598205388947,
          "mu_std": 0.43148529084074355,
          "n_samples": 2000
        },
        {
          "sigma_mean": -0.5999743511290931,
          "sigma_std": 0.2330013940093414,
          "mu_mean": -0.26733486980776133,
          "mu_std": 0.48553880265274346,
          "n_samples": 2000
        }
      ],
      "per_class_gen": [
        {
          "sigma_mean": -0.21273170411586761,
          "sigma_std": 0.6699680089950562,
          "mu_mean": -0.548956036567688,
          "mu_std": 0.4104309380054474,
          "n_samples": 250
        },
        {
          "sigma_mean": -0.5985775589942932,
          "sigma_std": 0.21553802490234375,
          "mu_mean": -0.22919097542762756,
          "mu_std": 0.47526514530181885,
          "n_samples": 250
        }
      ]
    }
  }
}