{
  "n_samples": 1000,
  "n_classes": 2,
  "sigma": {
    "min": 2055758.625,
    "max": 58049560.0,
    "mean": 25517386.0,
    "std": 13599438.0
  },
  "mu": {
    "min": 3.298337459564209,
    "max": 96.3337631225586,
    "mean": 37.90658950805664,
    "std": 20.78966522216797
  },
  "final_losses": {
    "critic": -0.0625,
    "generator": -31.35934066772461,
    "wasserstein_distance": 0.140625
  },
  "per_class": {
    "0": {
      "sigma_mean": 27124312.0,
      "mu_mean": 38.74419403076172,
      "n_samples": 500
    },
    "1": {
      "sigma_mean": 23910458.0,
      "mu_mean": 37.06898880004883,
      "n_samples": 500
    }
  }
}