{
  "n_samples": 1000,
  "n_classes": 1,
  "sigma": {
    "min": 18851636.0,
    "max": 40056712.0,
    "mean": 28807036.0,
    "std": 7743062.0
  },
  "mu": {
    "min": 1.0306888818740845,
    "max": 9.272346496582031,
    "mean": 4.712824821472168,
    "std": 3.14420485496521
  },
  "final_losses": {
    "critic": 0.0,
    "generator": -16.874919891357422,
    "wasserstein_distance": -0.484375
  }
}