{
  "n_samples": 1000,
  "K": 51,
  "n_classes": 1,
  "sigma": {
    "min": 18810572.0,
    "max": 40384648.0,
    "mean": 28191290.0,
    "std": 7564545.5
  },
  "mu": {
    "min": 1.0047420263290405,
    "max": 9.444661140441895,
    "mean": 4.884536266326904,
    "std": 3.1422019004821777
  },
  "model_dir": "/workspace/GANs-for-1D-Signal/results/dual_wgan_nz12_20260228_182707/",
  "generation_date": "2026-02-28T19:22:10.990664"
}