{
  "n_samples": 1000,
  "K": 51,
  "sigma": {
    "min": 18810862.0,
    "max": 40269144.0,
    "mean": 28273870.0,
    "std": 7732209.5
  },
  "mu": {
    "min": 1.0057862997055054,
    "max": 9.395546913146973,
    "mean": 4.9027419090271,
    "std": 3.1473755836486816
  },
  "model_dir": "results/dual_wgan_nz32",
  "generation_date": "2026-02-14T15:56:48.488867"
}