{
  "n_samples": 1000,
  "K": 51,
  "sigma": {
    "min": 18810968.0,
    "max": 40209592.0,
    "mean": 28234116.0,
    "std": 7688857.5
  },
  "mu": {
    "min": 1.005967617034912,
    "max": 9.378775596618652,
    "mean": 4.9225592613220215,
    "std": 3.15959095954895
  },
  "model_dir": "results/dual_wgan_nz32/",
  "generation_date": "2026-02-14T16:32:07.527226"
}