{
  "K": 50,
  "sigma_min": 8002178.150750746,
  "sigma_max": 64976845.17498521,
  "mu_min": 0.9002139979448447,
  "mu_max": 103.02008518294159,
  "N": 4000,
  "n_classes": 2,
  "class_names": [
    "sigmoid",
    "linear"
  ]
}