{
  "K": 50,
  "sigma_min": 9201405.545770539,
  "sigma_max": 59394251.91147019,
  "mu_min": 0.9210823192187358,
  "mu_max": 86.39355109643631,
  "N": 8000,
  "n_classes": 4,
  "class_names": [
    "sigmoid_low",
    "sigmoid_high",
    "linear_low",
    "linear_high"
  ]
}