{
  "K": 50,
  "sigma_min": 9203901.629845819,
  "sigma_max": 59391856.253171705,
  "mu_min": 0.9204453467730083,
  "mu_max": 86.38567912365824,
  "N": 8000,
  "n_classes": 4,
  "class_names": [
    "sigmoid_low",
    "sigmoid_high",
    "linear_low",
    "linear_high"
  ]
}