{
  "n_samples": 1000,
  "K": 51,
  "sigma": {
    "min": 18811602.0,
    "max": 40165352.0,
    "mean": 28257750.0,
    "std": 7578158.5
  },
  "mu": {
    "min": 1.004753589630127,
    "max": 9.434645652770996,
    "mean": 4.836197376251221,
    "std": 3.115412712097168
  },
  "model_dir": "results/dual_wgan_nz8/",
  "generation_date": "2026-02-14T16:32:26.986125"
}