{
  "n_samples": 1000,
  "K": 51,
  "sigma": {
    "min": 18811626.0,
    "max": 40163952.0,
    "mean": 28227610.0,
    "std": 7581465.0
  },
  "mu": {
    "min": 1.004762887954712,
    "max": 9.440189361572266,
    "mean": 4.840702056884766,
    "std": 3.133761167526245
  },
  "model_dir": "results/dual_wgan_nz8",
  "generation_date": "2026-02-14T15:56:23.939458"
}