{
  "n_samples": 1000,
  "n_classes": 4,
  "sigma": {
    "min": 9814406.0,
    "max": 58937520.0,
    "mean": 30118144.0,
    "std": 13838826.0
  },
  "mu": {
    "min": 1.5066161155700684,
    "max": 86.0543441772461,
    "mean": 28.55356788635254,
    "std": 24.8322811126709
  },
  "final_losses": {
    "critic": -0.0625,
    "generator": -73.43746948242188,
    "wasserstein_distance": 0.4375
  },
  "per_class": {
    "0": {
      "sigma_mean": 21908820.0,
      "mu_mean": 14.883716583251953,
      "n_samples": 250
    },
    "1": {
      "sigma_mean": 40194860.0,
      "mu_mean": 42.42686080932617,
      "n_samples": 250
    },
    "2": {
      "sigma_mean": 18199074.0,
      "mu_mean": 15.503436088562012,
      "n_samples": 250
    },
    "3": {
      "sigma_mean": 40169820.0,
      "mu_mean": 41.4002571105957,
      "n_samples": 250
    }
  }
}