{
  "n_samples": 1000,
  "n_classes": 1,
  "sigma": {
    "min": 18846884.0,
    "max": 40134296.0,
    "mean": 28007238.0,
    "std": 7746287.0
  },
  "mu": {
    "min": 1.0431584119796753,
    "max": 9.419849395751953,
    "mean": 4.947787761688232,
    "std": 3.177316188812256
  },
  "final_losses": {
    "critic": -0.0390625,
    "generator": -15.335865020751953,
    "wasserstein_distance": 0.125
  }
}