{
  "model_name": "Improved WGAN v2",
  "overall_passed": true,
  "criteria": {
    "1_moment_matching": {
      "passed": true,
      "mean_rel_diff": 0.32895410434460337,
      "variance_ratio": 0.9760713230280643,
      "mode_collapse": false,
      "noise_amplification": false
    },
    "2_distribution_distance": {
      "wasserstein_mean": 0.0743331352677831,
      "mmd_score": 0.12552933972771174,
      "mmd_sigma": 0.062082404322265305,
      "mmd_mu": 0.06344693540544644
    },
    "3_latent_traversal": {
      "passed": true,
      "active_dimensions": 20,
      "total_tested": 20,
      "inactive_ratio": 0.0,
      "smoothness_score": 1.0
    },
    "4_physics_consistency": {
      "passed": true,
      "bounds_sigma_ratio": 1.0,
      "bounds_mu_ratio": 1.0,
      "forward_valid": 20,
      "forward_total": 20
    },
    "5_noise_robustness": {
      "passed": true,
      "mean_lipschitz": 0.7868755745887757
    },
    "6_class_separation": {
      "passed": true,
      "n_classes": 2,
      "separation_ratio": 0.5968641767599114,
      "inter_class_wasserstein_real": 0.07138029156691408,
      "inter_class_wasserstein_gen": 0.042604339022655036,
      "per_class_real": [
        {
          "sigma_mean": -0.1634218938627358,
          "sigma_std": 0.505289768335165,
          "mu_mean": -0.3006746624630269,
          "mu_std": 0.41087470383271846,
          "n_samples": 2000
        },
        {
          "sigma_mean": -0.20596701905108594,
          "sigma_std": 0.3977927985253526,
          "mu_mean": -0.2969160428806915,
          "mu_std": 0.4101018089001806,
          "n_samples": 2000
        }
      ],
      "per_class_gen": [
        {
          "sigma_mean": -0.18981525301933289,
          "sigma_std": 0.5149358510971069,
          "mu_mean": -0.2700236737728119,
          "mu_std": 0.3695067763328552,
          "n_samples": 100
        },
        {
          "sigma_mean": -0.22593896090984344,
          "sigma_std": 0.4755847752094269,
          "mu_mean": -0.284957617521286,
          "mu_std": 0.4282684624195099,
          "n_samples": 100
        }
      ]
    }
  }
}