{
  "model_name": "Dual-Head WGAN",
  "overall_passed": true,
  "criteria": {
    "1_moment_matching": {
      "passed": true,
      "mean_rel_diff": 0.4102114113469738,
      "variance_ratio": 0.8541353169518026,
      "mode_collapse": false,
      "noise_amplification": false
    },
    "2_distribution_distance": {
      "wasserstein_mean": 0.05964749044449861,
      "mmd_score": 0.07028886460663897,
      "mmd_sigma": 0.02530487525373193,
      "mmd_mu": 0.04498398935290704
    },
    "3_latent_traversal": {
      "passed": true,
      "active_dimensions": 10,
      "total_tested": 10,
      "inactive_ratio": 0.0,
      "smoothness_score": 1.0
    },
    "4_physics_consistency": {
      "passed": true,
      "bounds_sigma_ratio": 1.0,
      "bounds_mu_ratio": 1.0,
      "forward_valid": 20,
      "forward_total": 20
    },
    "5_noise_robustness": {
      "passed": true,
      "mean_lipschitz": 1.7468077802658082
    },
    "6_class_separation": {
      "passed": true,
      "n_classes": 2,
      "separation_ratio": 0.7801415353860329,
      "inter_class_wasserstein_real": 0.07138029156691408,
      "inter_class_wasserstein_gen": 0.0556867303373292,
      "per_class_real": [
        {
          "sigma_mean": -0.1634218938627358,
          "sigma_std": 0.505289768335165,
          "mu_mean": -0.3006746624630269,
          "mu_std": 0.41087470383271846,
          "n_samples": 2000
        },
        {
          "sigma_mean": -0.20596701905108594,
          "sigma_std": 0.3977927985253526,
          "mu_mean": -0.2969160428806915,
          "mu_std": 0.4101018089001806,
          "n_samples": 2000
        }
      ],
      "per_class_gen": [
        {
          "sigma_mean": -0.2359379380941391,
          "sigma_std": 0.46142300963401794,
          "mu_mean": -0.2859286069869995,
          "mu_std": 0.4341185986995697,
          "n_samples": 100
        },
        {
          "sigma_mean": -0.16974182426929474,
          "sigma_std": 0.42591699957847595,
          "mu_mean": -0.3153163194656372,
          "mu_std": 0.3434826135635376,
          "n_samples": 100
        }
      ]
    }
  }
}