{
  "n_samples": 1000,
  "n_classes": 4,
  "sigma": {
    "min": 9782301.0,
    "max": 57785456.0,
    "mean": 30221942.0,
    "std": 13621388.0
  },
  "mu": {
    "min": 1.1469188928604126,
    "max": 84.30716705322266,
    "mean": 28.800870895385742,
    "std": 25.101825714111328
  },
  "final_losses": {
    "critic": -0.375,
    "generator": -134.87498474121094,
    "wasserstein_distance": 0.125
  },
  "per_class": {
    "0": {
      "sigma_mean": 19533214.0,
      "mu_mean": 15.292866706848145,
      "n_samples": 250
    },
    "1": {
      "sigma_mean": 40832776.0,
      "mu_mean": 42.90658187866211,
      "n_samples": 250
    },
    "2": {
      "sigma_mean": 20608488.0,
      "mu_mean": 14.626714706420898,
      "n_samples": 250
    },
    "3": {
      "sigma_mean": 39913292.0,
      "mu_mean": 42.377323150634766,
      "n_samples": 250
    }
  }
}