{
  "n_samples": 1000,
  "n_classes": 1,
  "sigma": {
    "min": 18877804.0,
    "max": 39853640.0,
    "mean": 28632002.0,
    "std": 7570682.0
  },
  "mu": {
    "min": 1.0513757467269897,
    "max": 9.260482788085938,
    "mean": 4.829998970031738,
    "std": 3.14613938331604
  },
  "final_losses": {
    "critic": -0.0625,
    "generator": -19.04680633544922,
    "wasserstein_distance": 0.203125
  }
}