{
  "n_samples": 1000,
  "K": 51,
  "sigma": {
    "min": 18810568.0,
    "max": 40393680.0,
    "mean": 28252502.0,
    "std": 7534596.5
  },
  "mu": {
    "min": 1.0047767162322998,
    "max": 9.366382598876953,
    "mean": 4.894240856170654,
    "std": 3.1384928226470947
  },
  "model_dir": "results/dual_wgan_nz12",
  "generation_date": "2026-02-14T15:56:33.835749"
}