{
  "n_samples": 1000,
  "K": 51,
  "sigma": {
    "min": 18810600.0,
    "max": 40311520.0,
    "mean": 28264318.0,
    "std": 7524579.5
  },
  "mu": {
    "min": 1.0049924850463867,
    "max": 9.364510536193848,
    "mean": 4.89804220199585,
    "std": 3.1391284465789795
  },
  "model_dir": "results/dual_wgan_nz12/",
  "generation_date": "2026-02-14T16:31:41.521940"
}