{
  "model_name": "Dual-Head WGAN",
  "overall_passed": false,
  "criteria": {
    "1_moment_matching": {
      "passed": true,
      "mean_rel_diff": 0.6159138144797015,
      "variance_ratio": 1.1500138450458004,
      "mode_collapse": false,
      "noise_amplification": false
    },
    "2_distribution_distance": {
      "wasserstein_mean": 0.05361160164508459,
      "mmd_score": 0.10290725722930072,
      "mmd_sigma": 0.019117025944361266,
      "mmd_mu": 0.08379023128493945
    },
    "3_latent_traversal": {
      "passed": true,
      "active_dimensions": 20,
      "total_tested": 20,
      "inactive_ratio": 0.0,
      "smoothness_score": 1.0
    },
    "4_physics_consistency": {
      "passed": false,
      "bounds_sigma_ratio": 1.0,
      "bounds_mu_ratio": 1.0,
      "forward_valid": 20,
      "forward_total": 20
    },
    "5_noise_robustness": {
      "passed": true,
      "mean_lipschitz": 1.032713944911957
    },
    "6_class_separation": {
      "passed": true,
      "n_classes": 2,
      "separation_ratio": 0.790641294572974,
      "inter_class_wasserstein_real": 0.1917379099767793,
      "inter_class_wasserstein_gen": 0.15159590944182127,
      "per_class_real": [
        {
          "sigma_mean": -0.2289391598214112,
          "sigma_std": 0.6420704691419471,
          "mu_mean": -0.5194598205388947,
          "mu_std": 0.43148529084074355,
          "n_samples": 2000
        },
        {
          "sigma_mean": -0.5999743511290931,
          "sigma_std": 0.2330013940093414,
          "mu_mean": -0.26733486980776133,
          "mu_std": 0.48553880265274346,
          "n_samples": 2000
        }
      ],
      "per_class_gen": [
        {
          "sigma_mean": -0.22641435265541077,
          "sigma_std": 0.640888512134552,
          "mu_mean": -0.547816812992096,
          "mu_std": 0.41454967856407166,
          "n_samples": 250
        },
        {
          "sigma_mean": -0.5927866697311401,
          "sigma_std": 0.2636784613132477,
          "mu_mean": -0.2540817856788635,
          "mu_std": 0.49061670899391174,
          "n_samples": 250
        }
      ]
    }
  }
}