{
  "n_samples": 1000,
  "n_classes": 2,
  "sigma": {
    "min": 8319539.0,
    "max": 64151316.0,
    "mean": 24897558.0,
    "std": 15150514.0
  },
  "mu": {
    "min": 0.9924585819244385,
    "max": 97.3248062133789,
    "mean": 31.1739501953125,
    "std": 23.828447341918945
  },
  "final_losses": {
    "critic": 0.0,
    "generator": -45.81246566772461,
    "wasserstein_distance": 0.40625
  },
  "per_class": {
    "0": {
      "sigma_mean": 30166628.0,
      "mu_mean": 25.790115356445312,
      "n_samples": 500
    },
    "1": {
      "sigma_mean": 19628490.0,
      "mu_mean": 36.55778884887695,
      "n_samples": 500
    }
  }
}