{
  "n_samples": 1000,
  "K": 50,
  "n_classes": 4,
  "sigma": {
    "min": 9573807.0,
    "max": 58013104.0,
    "mean": 29971716.0,
    "std": 13701222.0
  },
  "mu": {
    "min": 0.9309504628181458,
    "max": 84.3490219116211,
    "mean": 28.59511947631836,
    "std": 25.50176429748535
  },
  "model_dir": "/workspace/GANs-for-1D-Signal/results/four_classes_3000ep/dual_wgan_nz10_nc4_20260301_135007",
  "generation_date": "2026-03-01T15:12:28.780000",
  "per_class": {
    "0": {
      "sigma_mean": 19913714.0,
      "mu_mean": 14.998024940490723,
      "n_samples": 250
    },
    "1": {
      "sigma_mean": 40035120.0,
      "mu_mean": 42.12664031982422,
      "n_samples": 250
    },
    "2": {
      "sigma_mean": 20004626.0,
      "mu_mean": 14.89216136932373,
      "n_samples": 250
    },
    "3": {
      "sigma_mean": 39933404.0,
      "mu_mean": 42.363651275634766,
      "n_samples": 250
    }
  }
}