{
  "n_samples": 1000,
  "n_classes": 2,
  "sigma": {
    "min": 1205346.5,
    "max": 57887684.0,
    "mean": 24297938.0,
    "std": 14506276.0
  },
  "mu": {
    "min": 2.1536519527435303,
    "max": 91.76933288574219,
    "mean": 36.9018440246582,
    "std": 19.59109878540039
  },
  "final_losses": {
    "critic": -0.015625,
    "generator": -28.296850204467773,
    "wasserstein_distance": 0.09375
  },
  "per_class": {
    "0": {
      "sigma_mean": 24766154.0,
      "mu_mean": 36.992435455322266,
      "n_samples": 500
    },
    "1": {
      "sigma_mean": 23829724.0,
      "mu_mean": 36.81126022338867,
      "n_samples": 500
    }
  }
}