{
  "n_samples": 1000,
  "K": 50,
  "sigma": {
    "min": 30094132.0,
    "max": 39566952.0,
    "mean": 34206132.0,
    "std": 2389713.5
  },
  "mu": {
    "min": 35.52912902832031,
    "max": 63.4505500793457,
    "mean": 47.37580490112305,
    "std": 7.249689102172852
  },
  "model_dir": "results/dual_wgan_20260126_220422",
  "generation_date": "2026-01-27T15:59:42.989263"
}