{
  "experiment": "dodd_gan_exp01_sample0000",
  "description": "Single training-data sample recovery (dodd_analytical_model forward)",
  "timestamp": "20260228_182259",
  "config": {
    "model": "improved_wgan_v2_nz32_20260214_140817",
    "forward_solver": "dodd_analytical_model/VectorPotentialInsideCoilGreenFunction",
    "nz": 32,
    "K": 51,
    "layer_thickness_m": 1.9607843137254903e-05,
    "n_restarts": 1,
    "n_iter": 500,
    "seed": 42,
    "fd_epsilon": 0.001,
    "integ_range_opt": 20,
    "integ_range_verify": 50,
    "voltage_tolerance": 1e-05,
    "probe": {
      "frequency_hz": 2500.0,
      "coil_r1_m": 0.016,
      "coil_r2_m": 0.021,
      "coil_l1_m": 0.0475,
      "coil_l2_m": 0.0525,
      "conductor_r1_m": 0.009,
      "conductor_r2_m": 0.01,
      "calc_r_m": 0.0135,
      "calc_z_m": 0.05,
      "n_turns": 100
    }
  },
  "target": {
    "sigma_true": [
      18850495.52388509,
      18863400.72103511,
      18880547.45861645,
      18902305.30592021,
      18928357.690419752,
      18962913.825228434,
      19004225.730716255,
      19058913.447378237,
      19124130.418542344,
      19210192.4462223,
      19318440.837073363,
      19446666.75918781,
      19614455.047971047,
      19811693.49135957,
      20067336.771076567,
      20381617.135435082,
      20743810.652761977,
      21201980.737407267,
      21718944.514867976,
      22356523.82214934,
      23094108.423993673,
      23886774.145527173,
      24811009.01316944,
      25761389.04222582,
      26817212.243477516,
      27848375.458629657,
      28934064.887891226,
      29989888.089142926,
      30940268.118199304,
      31864502.985841576,
      32657168.707375076,
      33394753.30921941,
      34032332.61650077,
      34549296.39396148,
      35007466.478606775,
      35369659.99593367,
      35683940.36029218,
      35939583.64000918,
      36136822.0833977,
      36304610.37218094,
      36432836.294295385,
      36541084.68514645,
      36623299.27148111,
      36692363.68399051,
      36747051.4006525,
      36788363.30614032,
      36822919.44094899,
      36848971.825448535,
      36870729.6727523,
      36887876.41033363,
      36900781.607483655
    ],
    "mu_true": [
      8.464627524559978,
      8.459305517370183,
      8.452234330496509,
      8.44326155631577,
      8.432517746980194,
      8.418267054351064,
      8.401230332209247,
      8.378677525159102,
      8.351782531971695,
      8.316291192726231,
      8.271650362547822,
      8.218770947264348,
      8.149576306617872,
      8.068236641550007,
      7.962811256965766,
      7.833204375390588,
      7.683838466377149,
      7.4948925358125145,
      7.281700524212406,
      7.01876756643037,
      6.71459316998649,
      6.38770373001403,
      6.006556154082382,
      5.614626508306574,
      5.179212883633373,
      4.753968853565851,
      4.306238618898026,
      3.870824994224824,
      3.478895348449016,
      3.0977477725173683,
      2.7708583325449077,
      2.4666839361010275,
      2.2037509783189924,
      1.9905589667188828,
      1.8016130361542482,
      1.6522471271408081,
      1.5226402455656318,
      1.4172148609813915,
      1.3358751959135242,
      1.2666805552670484,
      1.213801139983576,
      1.1691603098051653,
      1.1352556267156597,
      1.1067739773722955,
      1.0842211703221514,
      1.067184448180333,
      1.0529337555512024,
      1.0421899462156272,
      1.0332171720348873,
      1.0261459851612145,
      1.0208239779714194
    ],
    "voltage_real": 0.3564622215908411,
    "voltage_imag": 1.52388994466105,
    "voltage_magnitude": 1.565025839678226,
    "voltage_phase_deg": 76.83432184801968
  },
  "result": {
    "sigma_rec": [
      18879782.0,
      18902754.0,
      18944928.0,
      18969416.0,
      18988436.0,
      19051466.0,
      19184192.0,
      19275332.0,
      19349880.0,
      19606168.0,
      19743120.0,
      19761424.0,
      20098248.0,
      20334812.0,
      20559342.0,
      21008466.0,
      21437784.0,
      22144382.0,
      22739884.0,
      23273826.0,
      23869680.0,
      24802152.0,
      25658848.0,
      26369676.0,
      27629394.0,
      28631226.0,
      29747916.0,
      30781334.0,
      31629332.0,
      32504008.0,
      33053812.0,
      33887216.0,
      34669016.0,
      35189300.0,
      35666880.0,
      36094808.0,
      36438960.0,
      36692548.0,
      36889728.0,
      36893144.0,
      36979604.0,
      37104768.0,
      37234864.0,
      37373584.0,
      37420144.0,
      37454384.0,
      37553056.0,
      37421776.0,
      37519704.0,
      37602312.0,
      37658696.0
    ],
    "mu_rec": [
      8.989959716796875,
      8.976004600524902,
      8.930827140808105,
      8.906617164611816,
      8.901385307312012,
      8.894783020019531,
      8.886238098144531,
      8.873722076416016,
      8.852237701416016,
      8.810525894165039,
      8.743971824645996,
      8.688942909240723,
      8.594120979309082,
      8.414546012878418,
      8.307056427001953,
      8.167021751403809,
      7.931841850280762,
      7.741832256317139,
      7.49198579788208,
      7.184103965759277,
      6.953343391418457,
      6.748164176940918,
      6.3476948738098145,
      5.892796039581299,
      5.551847457885742,
      5.110292434692383,
      4.616480827331543,
      4.130183696746826,
      3.732968807220459,
      3.326686382293701,
      2.941645622253418,
      2.6742873191833496,
      2.456496238708496,
      2.2452492713928223,
      2.05666446685791,
      1.8988195657730103,
      1.7576348781585693,
      1.6418935060501099,
      1.5364396572113037,
      1.4460928440093994,
      1.3416332006454468,
      1.2692837715148926,
      1.2844140529632568,
      1.1831847429275513,
      1.0918505191802979,
      1.0970218181610107,
      1.074516773223877,
      1.0431681871414185,
      1.0721930265426636,
      1.0587633848190308,
      1.0192968845367432
    ],
    "best_z": [
      -0.7036186456680298,
      -0.35860586166381836,
      0.9314739108085632,
      -0.8402479290962219,
      0.5674565434455872,
      0.11208158731460571,
      -1.5165592432022095,
      -1.3579531908035278,
      0.6101040244102478,
      0.3201892375946045,
      -1.4193893671035767,
      0.2688380777835846,
      0.5081226825714111,
      3.2336363792419434,
      1.0100977420806885,
      -0.8256048560142517,
      1.8845583200454712,
      -2.0774269104003906,
      -0.86876380443573,
      2.064911365509033,
      0.06266995519399643,
      -2.61112904548645,
      0.18327003717422485,
      0.936389684677124,
      0.14202439785003662,
      -0.05436263233423233,
      -0.3679722845554352,
      -0.7729960680007935,
      -0.4054744839668274,
      0.8427445888519287,
      0.539110541343689,
      0.009120912291109562
    ],
    "voltage_rec_real": 0.3564608819532616,
    "voltage_rec_imag": 1.5238199640158308,
    "voltage_rec_magnitude": 1.564957393380441,
    "voltage_rec_phase_deg": 76.83378603919581,
    "best_mismatch_v": 6.999346636765945e-05,
    "all_mismatches_v": [
      6.999346636765945e-05
    ],
    "elapsed_s": 2708.2345863357186,
    "passed": false
  },
  "metrics": {
    "sigma_rmse": 624699.9644359838,
    "sigma_rmse_pct": 2.241073809861503,
    "mu_rmse": 0.3157542595664273,
    "mu_rmse_pct": 6.657300648632253,
    "voltage_error_v": 6.999346636765945e-05,
    "voltage_error_pct": 0.0044723521230838155,
    "best_restart_idx": 0,
    "n_restarts_passed": 0
  }
}