{
  "n_samples": 1000,
  "n_classes": 4,
  "sigma": {
    "min": 10170076.0,
    "max": 58894576.0,
    "mean": 29871560.0,
    "std": 13854196.0
  },
  "mu": {
    "min": 1.9085272550582886,
    "max": 84.49491882324219,
    "mean": 27.1766357421875,
    "std": 24.726511001586914
  },
  "final_losses": {
    "critic": -0.0625,
    "generator": -63.59372329711914,
    "wasserstein_distance": -0.25
  },
  "per_class": {
    "0": {
      "sigma_mean": 19329366.0,
      "mu_mean": 13.619073867797852,
      "n_samples": 250
    },
    "1": {
      "sigma_mean": 40535272.0,
      "mu_mean": 41.183738708496094,
      "n_samples": 250
    },
    "2": {
      "sigma_mean": 20056016.0,
      "mu_mean": 13.382354736328125,
      "n_samples": 250
    },
    "3": {
      "sigma_mean": 39565592.0,
      "mu_mean": 40.521358489990234,
      "n_samples": 250
    }
  }
}