{
  "n_samples": 1000,
  "n_classes": 1,
  "sigma": {
    "min": 18894060.0,
    "max": 40336732.0,
    "mean": 28525190.0,
    "std": 7629152.0
  },
  "mu": {
    "min": 1.0436030626296997,
    "max": 9.246066093444824,
    "mean": 4.850727558135986,
    "std": 3.148871421813965
  },
  "final_losses": {
    "critic": -0.140625,
    "generator": -18.421796798706055,
    "wasserstein_distance": -0.203125
  }
}