{
  "model_name": "Improved WGAN v2",
  "overall_passed": true,
  "criteria": {
    "1_moment_matching": {
      "passed": true,
      "mean_rel_diff": 0.5080744199896161,
      "variance_ratio": 0.949175281124927,
      "mode_collapse": false,
      "noise_amplification": false
    },
    "2_distribution_distance": {
      "wasserstein_mean": 0.06424335261854709,
      "mmd_score": 0.09267815181406502,
      "mmd_sigma": 0.04296207786795603,
      "mmd_mu": 0.049716073946108996
    },
    "3_latent_traversal": {
      "passed": true,
      "active_dimensions": 10,
      "total_tested": 10,
      "inactive_ratio": 0.0,
      "smoothness_score": 1.0
    },
    "4_physics_consistency": {
      "passed": true,
      "bounds_sigma_ratio": 1.0,
      "bounds_mu_ratio": 1.0,
      "forward_valid": 20,
      "forward_total": 20
    },
    "5_noise_robustness": {
      "passed": true,
      "mean_lipschitz": 1.3171260595321654
    },
    "6_class_separation": {
      "passed": true,
      "n_classes": 2,
      "separation_ratio": 1.0698664042939288,
      "inter_class_wasserstein_real": 0.1928907914729521,
      "inter_class_wasserstein_gen": 0.20636737760156393,
      "per_class_real": [
        {
          "sigma_mean": -0.22848950508783963,
          "sigma_std": 0.642161015072233,
          "mu_mean": -0.5190545126880446,
          "mu_std": 0.431086321503248,
          "n_samples": 2000
        },
        {
          "sigma_mean": -0.6028598230596843,
          "sigma_std": 0.23091602901055816,
          "mu_mean": -0.2725159057946999,
          "mu_std": 0.4824484030188554,
          "n_samples": 2000
        }
      ],
      "per_class_gen": [
        {
          "sigma_mean": -0.19636519253253937,
          "sigma_std": 0.6424287557601929,
          "mu_mean": -0.5051656365394592,
          "mu_std": 0.4269810616970062,
          "n_samples": 250
        },
        {
          "sigma_mean": -0.6062532663345337,
          "sigma_std": 0.18227262794971466,
          "mu_mean": -0.24801093339920044,
          "mu_std": 0.49470242857933044,
          "n_samples": 250
        }
      ]
    }
  }
}