{
  "experiment": "gan_exp02_multi_sample",
  "description": "Multi-sample performance sweep",
  "timestamp": "20260226_220830",
  "config": {
    "n_restarts": 5,
    "n_iter": 500,
    "seed": 42,
    "fd_epsilon": 0.001,
    "impedance_tolerance": 1e-05,
    "sample_indices": [
      1245,
      1789,
      1548,
      1664,
      1153,
      600,
      1881,
      111,
      449,
      1363
    ]
  },
  "aggregate": {
    "n_samples": 10,
    "n_passed": 4,
    "pass_rate_pct": 40.0,
    "median_mismatch_ohm": 1.6662144498918755e-05,
    "best_mismatch_ohm": 1.4088872918612975e-06,
    "worst_mismatch_ohm": 9.241515317508443e-05,
    "median_sigma_rmse": 1121326.2729974906,
    "median_mu_rmse": 0.25662140981859594
  },
  "per_sample": [
    {
      "sample_idx": 1245,
      "passed": true,
      "best_mismatch_ohm": 6.8296048082742696e-06,
      "all_mismatches_ohm": [
        0.00040058068736406805,
        4.1874839419570196e-05,
        7.470001044892512e-05,
        6.8296048082742696e-06,
        9.265562211325971e-06
      ],
      "sigma_rmse": 1145876.8108123199,
      "sigma_rmse_pct": 4.008545597808844,
      "mu_rmse": 0.4671948426610671,
      "mu_rmse_pct": 9.975194357072874,
      "elapsed_s": 88.03041708300589
    },
    {
      "sample_idx": 1789,
      "passed": true,
      "best_mismatch_ohm": 1.7945394090127663e-06,
      "all_mismatches_ohm": [
        6.099947272541732e-06,
        0.00010178603341028298,
        7.521678561297241e-05,
        1.7945394090127663e-06,
        9.245342081029838e-05
      ],
      "sigma_rmse": 783754.8929919007,
      "sigma_rmse_pct": 2.7712718886105785,
      "mu_rmse": 0.30545522383222395,
      "mu_rmse_pct": 5.8545122610509175,
      "elapsed_s": 58.83891412499361
    },
    {
      "sample_idx": 1548,
      "passed": true,
      "best_mismatch_ohm": 7.165911303112766e-06,
      "all_mismatches_ohm": [
        0.00011244726660212379,
        7.165911303112766e-06,
        0.0001616662405435534,
        0.00010331511754224784,
        4.278186262043353e-05
      ],
      "sigma_rmse": 2396414.133361166,
      "sigma_rmse_pct": 8.895419514431923,
      "mu_rmse": 0.32113689529155376,
      "mu_rmse_pct": 6.732670357373725,
      "elapsed_s": 85.0004595000064
    },
    {
      "sample_idx": 1664,
      "passed": false,
      "best_mismatch_ohm": 3.699544264824925e-05,
      "all_mismatches_ohm": [
        0.00021603217523328552,
        0.0001336246727428536,
        7.899572130918885e-05,
        0.00033094783623640066,
        4.142023413682708e-05
      ],
      "sigma_rmse": 1096775.7351826616,
      "sigma_rmse_pct": 3.702901210674567,
      "mu_rmse": 0.14691797624286454,
      "mu_rmse_pct": 2.9776443070919583,
      "elapsed_s": 77.54085800005123
    },
    {
      "sample_idx": 1153,
      "passed": false,
      "best_mismatch_ohm": 1.927377528181276e-05,
      "all_mismatches_ohm": [
        0.0005925756009925974,
        0.0001507236363220141,
        3.017704844965574e-05,
        0.000306433870360356,
        1.927377528181276e-05
      ],
      "sigma_rmse": 807902.1809519014,
      "sigma_rmse_pct": 2.81125835037087,
      "mu_rmse": 0.23166276895779722,
      "mu_rmse_pct": 4.774099030800111,
      "elapsed_s": 57.69114983297186
    },
    {
      "sample_idx": 600,
      "passed": true,
      "best_mismatch_ohm": 1.4088872918612975e-06,
      "all_mismatches_ohm": [
        5.077331465713666e-06,
        2.7865157376863814e-05,
        3.740275228354361e-05,
        1.4088872918612975e-06,
        4.169617752067109e-05
      ],
      "sigma_rmse": 2016233.0415951642,
      "sigma_rmse_pct": 7.386986999889289,
      "mu_rmse": 0.11540910153053928,
      "mu_rmse_pct": 2.3147788381070686,
      "elapsed_s": 73.70402795902919
    },
    {
      "sample_idx": 1881,
      "passed": false,
      "best_mismatch_ohm": 1.4050513716024746e-05,
      "all_mismatches_ohm": [
        5.227665811210037e-05,
        0.00019285772119447269,
        0.00029691475545111894,
        4.768405056587319e-05,
        1.4050513716024746e-05
      ],
      "sigma_rmse": 641398.5283410175,
      "sigma_rmse_pct": 2.190289437200859,
      "mu_rmse": 0.19005754358974433,
      "mu_rmse_pct": 3.7612380679248667,
      "elapsed_s": 111.06529958400642
    },
    {
      "sample_idx": 111,
      "passed": false,
      "best_mismatch_ohm": 3.707304051404009e-05,
      "all_mismatches_ohm": [
        0.00036435402981922657,
        0.00018251853996420985,
        5.479584786468068e-05,
        5.188678876108703e-05,
        3.707304051404009e-05
      ],
      "sigma_rmse": 1868080.0804780826,
      "sigma_rmse_pct": 6.84966845642012,
      "mu_rmse": 0.38672073682932184,
      "mu_rmse_pct": 8.22184869220313,
      "elapsed_s": 100.8748810000252
    },
    {
      "sample_idx": 449,
      "passed": false,
      "best_mismatch_ohm": 9.241515317508443e-05,
      "all_mismatches_ohm": [
        0.0004044224383279058,
        9.241515317508443e-05,
        0.0003816665555192923,
        0.00025751580961053594,
        0.00014717969433399015
      ],
      "sigma_rmse": 1684846.1680300052,
      "sigma_rmse_pct": 6.227942483040152,
      "mu_rmse": 0.2014499402636883,
      "mu_rmse_pct": 4.200125319696214,
      "elapsed_s": 110.45888762502
    },
    {
      "sample_idx": 1363,
      "passed": false,
      "best_mismatch_ohm": 3.165196454563696e-05,
      "all_mismatches_ohm": [
        0.0002988444627448497,
        3.165196454563696e-05,
        7.80292698503603e-05,
        4.323999866934507e-05,
        0.0005983670817505184
      ],
      "sigma_rmse": 399370.9311640676,
      "sigma_rmse_pct": 1.3963575749850965,
      "mu_rmse": 0.2815800506793946,
      "mu_rmse_pct": 5.934819823575295,
      "elapsed_s": 82.7654172090115
    }
  ]
}