{
  "n_samples": 1000,
  "n_classes": 4,
  "sigma": {
    "min": 9461979.0,
    "max": 59026504.0,
    "mean": 30454918.0,
    "std": 13801596.0
  },
  "mu": {
    "min": 1.2595484256744385,
    "max": 85.68157196044922,
    "mean": 28.343042373657227,
    "std": 24.807510375976562
  },
  "final_losses": {
    "critic": 0.25,
    "generator": -53.218727111816406,
    "wasserstein_distance": 0.3125
  },
  "per_class": {
    "0": {
      "sigma_mean": 19815808.0,
      "mu_mean": 14.104490280151367,
      "n_samples": 250
    },
    "1": {
      "sigma_mean": 40888780.0,
      "mu_mean": 42.82823944091797,
      "n_samples": 250
    },
    "2": {
      "sigma_mean": 20531116.0,
      "mu_mean": 14.413207054138184,
      "n_samples": 250
    },
    "3": {
      "sigma_mean": 40583964.0,
      "mu_mean": 42.026241302490234,
      "n_samples": 250
    }
  }
}