{
  "n_samples": 1000,
  "n_classes": 4,
  "sigma": {
    "min": 9379005.0,
    "max": 57214656.0,
    "mean": 30601144.0,
    "std": 13516079.0
  },
  "mu": {
    "min": 0.991794764995575,
    "max": 82.90587615966797,
    "mean": 29.270862579345703,
    "std": 25.400588989257812
  },
  "final_losses": {
    "critic": -0.25,
    "generator": -151.12496948242188,
    "wasserstein_distance": -1.375
  },
  "per_class": {
    "0": {
      "sigma_mean": 21451876.0,
      "mu_mean": 17.140790939331055,
      "n_samples": 250
    },
    "1": {
      "sigma_mean": 41403704.0,
      "mu_mean": 42.18267059326172,
      "n_samples": 250
    },
    "2": {
      "sigma_mean": 19237078.0,
      "mu_mean": 14.610807418823242,
      "n_samples": 250
    },
    "3": {
      "sigma_mean": 40311916.0,
      "mu_mean": 43.1491813659668,
      "n_samples": 250
    }
  }
}