{
  "n_samples": 1000,
  "n_classes": 1,
  "sigma": {
    "min": 18828456.0,
    "max": 40390224.0,
    "mean": 28301264.0,
    "std": 7682444.0
  },
  "mu": {
    "min": 1.0057543516159058,
    "max": 9.41096019744873,
    "mean": 4.88552713394165,
    "std": 3.1550352573394775
  },
  "final_losses": {
    "critic": 0.0234375,
    "generator": -4.109322547912598,
    "wasserstein_distance": 0.0
  }
}