{
  "experiment": "gan_exp02_multi_sample",
  "description": "Multi-sample performance sweep",
  "timestamp": "20260226_234240",
  "config": {
    "n_restarts": 5,
    "n_iter": 500,
    "seed": 42,
    "fd_epsilon": 0.001,
    "n_quad_opt": 20,
    "n_quad_refine": 50,
    "n_quad_verify": 150,
    "impedance_tolerance": 1e-05,
    "sample_indices": [
      1245,
      1789,
      1548,
      1664,
      1153,
      600,
      1881,
      111,
      449,
      1363
    ]
  },
  "aggregate": {
    "n_samples": 10,
    "n_passed": 4,
    "pass_rate_pct": 40.0,
    "median_mismatch_ohm": 1.6662144498918755e-05,
    "best_mismatch_ohm": 1.4088872918612975e-06,
    "worst_mismatch_ohm": 9.241515317508443e-05,
    "median_sigma_rmse": 1121326.2729974906,
    "median_mu_rmse": 0.25662140981859594
  },
  "per_sample": [
    {
      "sample_idx": 1245,
      "passed": true,
      "best_mismatch_ohm": 6.8296048082742696e-06,
      "all_mismatches_ohm": [
        0.0004005806873624473,
        4.187483941202529e-05,
        7.470001045072538e-05,
        6.829604817505195e-06,
        9.26556221200059e-06
      ],
      "sigma_rmse": 1145876.8108123199,
      "sigma_rmse_pct": 4.008545597808844,
      "mu_rmse": 0.4671948426610671,
      "mu_rmse_pct": 9.975194357072874,
      "elapsed_s": 167.1266031250002
    },
    {
      "sample_idx": 1789,
      "passed": true,
      "best_mismatch_ohm": 1.7945394090127663e-06,
      "all_mismatches_ohm": [
        6.0999472780328314e-06,
        0.00010178603341224007,
        7.52167856272778e-05,
        1.7945394114259344e-06,
        9.245342082279883e-05
      ],
      "sigma_rmse": 783754.8929919007,
      "sigma_rmse_pct": 2.7712718886105785,
      "mu_rmse": 0.30545522383222395,
      "mu_rmse_pct": 5.8545122610509175,
      "elapsed_s": 62.83585379099986
    },
    {
      "sample_idx": 1548,
      "passed": true,
      "best_mismatch_ohm": 7.165911303112766e-06,
      "all_mismatches_ohm": [
        0.00011244726660411212,
        7.165911321470823e-06,
        0.00016166624054040813,
        0.0001033151175577994,
        4.278186262236008e-05
      ],
      "sigma_rmse": 2396414.133361166,
      "sigma_rmse_pct": 8.895419514431923,
      "mu_rmse": 0.32113689529155376,
      "mu_rmse_pct": 6.732670357373725,
      "elapsed_s": 86.74799391700026
    },
    {
      "sample_idx": 1664,
      "passed": false,
      "best_mismatch_ohm": 3.699544264824925e-05,
      "all_mismatches_ohm": [
        0.00021603217524561108,
        0.0001336246727179363,
        7.89957213196619e-05,
        0.00033094783622866,
        4.142023413672528e-05
      ],
      "sigma_rmse": 1096775.7351826616,
      "sigma_rmse_pct": 3.702901210674567,
      "mu_rmse": 0.14691797624286454,
      "mu_rmse_pct": 2.9776443070919583,
      "elapsed_s": 79.82757891699976
    },
    {
      "sample_idx": 1153,
      "passed": false,
      "best_mismatch_ohm": 1.927377528181276e-05,
      "all_mismatches_ohm": [
        0.0005925756009895223,
        0.0001507236363355918,
        3.0177048442846532e-05,
        0.00030643387035422304,
        1.9273775278673128e-05
      ],
      "sigma_rmse": 807902.1809519014,
      "sigma_rmse_pct": 2.81125835037087,
      "mu_rmse": 0.23166276895779722,
      "mu_rmse_pct": 4.774099030800111,
      "elapsed_s": 59.23511916699999
    },
    {
      "sample_idx": 600,
      "passed": true,
      "best_mismatch_ohm": 1.4088872918612975e-06,
      "all_mismatches_ohm": [
        5.0773314782010625e-06,
        2.7865157366088278e-05,
        3.740275229523898e-05,
        1.4088872958438527e-06,
        4.1696177505806056e-05
      ],
      "sigma_rmse": 2016233.0415951642,
      "sigma_rmse_pct": 7.386986999889289,
      "mu_rmse": 0.11540910153053928,
      "mu_rmse_pct": 2.3147788381070686,
      "elapsed_s": 71.63308737499983
    },
    {
      "sample_idx": 1881,
      "passed": false,
      "best_mismatch_ohm": 1.4050513716024746e-05,
      "all_mismatches_ohm": [
        5.227665810498911e-05,
        0.00019285772119712798,
        0.0002969147554400837,
        4.768405057419229e-05,
        1.4050513715877987e-05
      ],
      "sigma_rmse": 641398.5283410175,
      "sigma_rmse_pct": 2.190289437200859,
      "mu_rmse": 0.19005754358974433,
      "mu_rmse_pct": 3.7612380679248667,
      "elapsed_s": 99.07743533300027
    },
    {
      "sample_idx": 111,
      "passed": false,
      "best_mismatch_ohm": 3.707304051404009e-05,
      "all_mismatches_ohm": [
        0.00036435402981003557,
        0.00018251853997006067,
        5.4795847867875714e-05,
        5.1886788762734195e-05,
        3.707304051843981e-05
      ],
      "sigma_rmse": 1868080.0804780826,
      "sigma_rmse_pct": 6.84966845642012,
      "mu_rmse": 0.38672073682932184,
      "mu_rmse_pct": 8.22184869220313,
      "elapsed_s": 96.87296241700005
    },
    {
      "sample_idx": 449,
      "passed": false,
      "best_mismatch_ohm": 9.241515317508443e-05,
      "all_mismatches_ohm": [
        0.00040442243830977816,
        9.241515317220084e-05,
        0.0003816665555177756,
        0.0002575158096065845,
        0.00014717969432839789
      ],
      "sigma_rmse": 1684846.1680300052,
      "sigma_rmse_pct": 6.227942483040152,
      "mu_rmse": 0.2014499402636883,
      "mu_rmse_pct": 4.200125319696214,
      "elapsed_s": 101.58835687500004
    },
    {
      "sample_idx": 1363,
      "passed": false,
      "best_mismatch_ohm": 3.165196454563696e-05,
      "all_mismatches_ohm": [
        0.00029884446273540857,
        3.165196453906079e-05,
        7.802926985202814e-05,
        4.323999866670813e-05,
        0.0005983670817604133
      ],
      "sigma_rmse": 399370.9311640676,
      "sigma_rmse_pct": 1.3963575749850965,
      "mu_rmse": 0.2815800506793946,
      "mu_rmse_pct": 5.934819823575295,
      "elapsed_s": 76.09375679200002
    }
  ]
}