{
  "n_samples": 1000,
  "K": 51,
  "sigma": {
    "min": 18810920.0,
    "max": 40278120.0,
    "mean": 28147764.0,
    "std": 7621098.0
  },
  "mu": {
    "min": 1.0048359632492065,
    "max": 9.43759822845459,
    "mean": 4.887669563293457,
    "std": 3.1460037231445312
  },
  "model_dir": "results/dual_wgan_nz16",
  "generation_date": "2026-02-14T15:56:38.835860"
}