{
  "n_samples": 1000,
  "K": 51,
  "sigma": {
    "min": 18810584.0,
    "max": 40423936.0,
    "mean": 28235088.0,
    "std": 7692047.5
  },
  "mu": {
    "min": 1.004769206047058,
    "max": 9.378007888793945,
    "mean": 4.928442478179932,
    "std": 3.1498100757598877
  },
  "model_dir": "results/dual_wgan_nz128",
  "generation_date": "2026-02-14T15:57:10.171070"
}