{
  "n_samples": 1000,
  "K": 51,
  "sigma": {
    "min": 18810904.0,
    "max": 40397472.0,
    "mean": 28210704.0,
    "std": 7653569.5
  },
  "mu": {
    "min": 1.0054233074188232,
    "max": 9.381970405578613,
    "mean": 4.929495811462402,
    "std": 3.1426918506622314
  },
  "model_dir": "results/dual_wgan_nz128/",
  "generation_date": "2026-02-14T16:31:48.034366"
}