{
  "experiment": "gan_exp03_noise_sample0000",
  "description": "Noise robustness with GAN prior",
  "timestamp": "20260228_181059",
  "config": {
    "sample_idx": 0,
    "noise_levels": [
      0.0,
      0.001,
      0.005,
      0.01,
      0.02,
      0.05
    ],
    "n_restarts": 8,
    "fd_epsilon": 0.001,
    "n_quad_opt": 20,
    "n_quad_refine": 50,
    "n_quad_verify": 150,
    "impedance_tolerance": 1e-05
  },
  "aggregate": {
    "n_levels": 6,
    "n_passed": 0,
    "best_mismatch_ohm": 0.04563210528597001,
    "worst_mismatch_ohm": 0.06238538284377339,
    "noise_breakdown_factor": 1.3671379493190798
  },
  "levels": [
    {
      "noise_frac": 0.0,
      "noise_pct": 0.0,
      "passed": false,
      "best_mismatch_ohm": 0.06233664631976089,
      "all_mismatches_ohm": [
        0.06240621873638697,
        0.06951484039408888,
        0.10688619132788425,
        0.1520009097696454,
        0.06802937146851819,
        0.06455676883920662,
        0.229801318196409,
        0.115329859193668
      ],
      "sigma_rmse": 864929.6574543746,
      "sigma_rmse_pct": 3.102883484943939,
      "mu_rmse": 0.44433538480235407,
      "mu_rmse_pct": 9.368279780348185,
      "elapsed_s": 109.72075279802084
    },
    {
      "noise_frac": 0.001,
      "noise_pct": 0.1,
      "passed": false,
      "best_mismatch_ohm": 0.05695733767600807,
      "all_mismatches_ohm": [
        0.06269265950796539,
        0.0835995501716432,
        0.0921433271980817,
        0.16269530623834233,
        0.06486787428125149,
        0.05695733767600572,
        0.22989473088485435,
        0.08956906058144852
      ],
      "sigma_rmse": 1360331.1549433274,
      "sigma_rmse_pct": 4.880106767469726,
      "mu_rmse": 0.30335912080245975,
      "mu_rmse_pct": 6.395963983066581,
      "elapsed_s": 126.3799851089716
    },
    {
      "noise_frac": 0.005,
      "noise_pct": 0.5,
      "passed": false,
      "best_mismatch_ohm": 0.052437967145457266,
      "all_mismatches_ohm": [
        0.06310710193943332,
        0.09925101866257596,
        0.10229744276297408,
        0.13399877021772194,
        0.06900099996143105,
        0.052437967145449724,
        0.23047384585141473,
        0.10382125303765573
      ],
      "sigma_rmse": 1371733.1867200246,
      "sigma_rmse_pct": 4.921010875439437,
      "mu_rmse": 0.30041451466101116,
      "mu_rmse_pct": 6.333880486861811,
      "elapsed_s": 150.09766428172588
    },
    {
      "noise_frac": 0.01,
      "noise_pct": 1.0,
      "passed": false,
      "best_mismatch_ohm": 0.05522566303164134,
      "all_mismatches_ohm": [
        0.05896853173760772,
        0.07423386606864706,
        0.1568403159810527,
        0.07759014711292707,
        0.06398915559676643,
        0.05548128469517784,
        0.22754845537490578,
        0.08180398870302028
      ],
      "sigma_rmse": 1387363.8323608304,
      "sigma_rmse_pct": 4.977084883076788,
      "mu_rmse": 0.30483985479367204,
      "mu_rmse_pct": 6.427183487036806,
      "elapsed_s": 133.94107753783464
    },
    {
      "noise_frac": 0.02,
      "noise_pct": 2.0,
      "passed": false,
      "best_mismatch_ohm": 0.06238538284377339,
      "all_mismatches_ohm": [
        0.062385382843776926,
        0.07948922397787381,
        0.07346744683295592,
        0.15845459685236463,
        0.06552337730733122,
        0.06368973841332332,
        0.2270296370522104,
        0.1040160572566985
      ],
      "sigma_rmse": 856959.0736771445,
      "sigma_rmse_pct": 3.0742894917161903,
      "mu_rmse": 0.4402574288771135,
      "mu_rmse_pct": 9.282300960415634,
      "elapsed_s": 129.1648958325386
    },
    {
      "noise_frac": 0.05,
      "noise_pct": 5.0,
      "passed": false,
      "best_mismatch_ohm": 0.04563210528597001,
      "all_mismatches_ohm": [
        0.051748625698693554,
        0.083922143705713,
        0.05054115153962138,
        0.14784464819921153,
        0.07689142940512102,
        0.04563210528596294,
        0.22226140661000898,
        0.09548620556426958
      ],
      "sigma_rmse": 2137242.9050961644,
      "sigma_rmse_pct": 7.667231267169626,
      "mu_rmse": 0.3860052539535639,
      "mu_rmse_pct": 8.138458784527982,
      "elapsed_s": 173.2088436856866
    }
  ]
}