{
  "model_name": "Dual-Head WGAN",
  "overall_passed": false,
  "criteria": {
    "1_moment_matching": {
      "passed": true,
      "mean_rel_diff": 0.5063363404218665,
      "variance_ratio": 0.8766830787650447,
      "mode_collapse": false,
      "noise_amplification": false
    },
    "2_distribution_distance": {
      "wasserstein_mean": 0.04554134784443196,
      "mmd_score": 0.05868663816654529,
      "mmd_sigma": 0.006992728177416363,
      "mmd_mu": 0.05169390998912893
    },
    "3_latent_traversal": {
      "passed": true,
      "active_dimensions": 10,
      "total_tested": 10,
      "inactive_ratio": 0.0,
      "smoothness_score": 1.0
    },
    "4_physics_consistency": {
      "passed": false,
      "bounds_sigma_ratio": 1.0,
      "bounds_mu_ratio": 1.0,
      "forward_valid": 20,
      "forward_total": 20
    },
    "5_noise_robustness": {
      "passed": true,
      "mean_lipschitz": 1.469602346420288
    },
    "6_class_separation": {
      "passed": true,
      "n_classes": 2,
      "separation_ratio": 1.1326314588845332,
      "inter_class_wasserstein_real": 0.1917379099767793,
      "inter_class_wasserstein_gen": 0.217168388813734,
      "per_class_real": [
        {
          "sigma_mean": -0.2289391598214112,
          "sigma_std": 0.6420704691419471,
          "mu_mean": -0.5194598205388947,
          "mu_std": 0.43148529084074355,
          "n_samples": 2000
        },
        {
          "sigma_mean": -0.5999743511290931,
          "sigma_std": 0.2330013940093414,
          "mu_mean": -0.26733486980776133,
          "mu_std": 0.48553880265274346,
          "n_samples": 2000
        }
      ],
      "per_class_gen": [
        {
          "sigma_mean": -0.2306184321641922,
          "sigma_std": 0.6480662226676941,
          "mu_mean": -0.4812082052230835,
          "mu_std": 0.4648646116256714,
          "n_samples": 250
        },
        {
          "sigma_mean": -0.6225992441177368,
          "sigma_std": 0.22202174365520477,
          "mu_mean": -0.34028497338294983,
          "mu_std": 0.5016964673995972,
          "n_samples": 250
        }
      ]
    }
  }
}