{
  "n_samples": 1000,
  "n_classes": 1,
  "sigma": {
    "min": 18884844.0,
    "max": 40185200.0,
    "mean": 28721488.0,
    "std": 7530023.5
  },
  "mu": {
    "min": 1.0339405536651611,
    "max": 9.238507270812988,
    "mean": 4.761947154998779,
    "std": 3.1377410888671875
  },
  "final_losses": {
    "critic": 0.015625,
    "generator": -17.35930061340332,
    "wasserstein_distance": 0.03125
  }
}