{
  "n_samples": 1000,
  "n_classes": 2,
  "sigma": {
    "min": 8470937.0,
    "max": 63832712.0,
    "mean": 25106752.0,
    "std": 14810250.0
  },
  "mu": {
    "min": 1.0142848491668701,
    "max": 91.59843444824219,
    "mean": 32.76008605957031,
    "std": 24.529197692871094
  },
  "final_losses": {
    "critic": -0.078125,
    "generator": -24.84370994567871,
    "wasserstein_distance": 0.171875
  },
  "per_class": {
    "0": {
      "sigma_mean": 31004504.0,
      "mu_mean": 26.1810245513916,
      "n_samples": 500
    },
    "1": {
      "sigma_mean": 19209000.0,
      "mu_mean": 39.33914566040039,
      "n_samples": 500
    }
  }
}