{
  "n_samples": 1000,
  "K": 51,
  "sigma": {
    "min": 18810584.0,
    "max": 40366080.0,
    "mean": 28100806.0,
    "std": 7447043.0
  },
  "mu": {
    "min": 1.005094289779663,
    "max": 9.359288215637207,
    "mean": 4.885021686553955,
    "std": 3.0935375690460205
  },
  "model_dir": "results/dual_wgan_nz48",
  "generation_date": "2026-02-14T15:56:53.885473"
}