{
  "K": 50,
  "sigma_min": 8003065.293351482,
  "sigma_max": 64957792.79218079,
  "mu_min": 0.9001908625003656,
  "mu_max": 103.18610921892909,
  "N": 4000,
  "n_classes": 2,
  "class_names": [
    "sigmoid",
    "linear"
  ]
}