{
  "n_samples": 1000,
  "n_classes": 4,
  "sigma": {
    "min": 17615204.0,
    "max": 41495328.0,
    "mean": 30622886.0,
    "std": 3050877.75
  },
  "mu": {
    "min": 20.160306930541992,
    "max": 85.24434661865234,
    "mean": 42.12466812133789,
    "std": 11.942580223083496
  },
  "final_losses": {
    "critic": -3.693359375,
    "generator": -1.672843098640442,
    "wasserstein_distance": 3.8779296875
  },
  "per_class": {
    "0": {
      "sigma_mean": 30315150.0,
      "mu_mean": 37.96235656738281,
      "n_samples": 250
    },
    "1": {
      "sigma_mean": 31038298.0,
      "mu_mean": 38.79890060424805,
      "n_samples": 250
    },
    "2": {
      "sigma_mean": 29312046.0,
      "mu_mean": 35.97579574584961,
      "n_samples": 250
    },
    "3": {
      "sigma_mean": 31826054.0,
      "mu_mean": 55.761619567871094,
      "n_samples": 250
    }
  }
}