{
  "model_name": "Improved WGAN v2",
  "overall_passed": true,
  "criteria": {
    "1_moment_matching": {
      "passed": true,
      "mean_rel_diff": 0.5411338809078398,
      "variance_ratio": 0.8316721744675245,
      "mode_collapse": false,
      "noise_amplification": false
    },
    "2_distribution_distance": {
      "wasserstein_mean": 0.05953825679647371,
      "mmd_score": 0.035603635494660835,
      "mmd_sigma": 0.020215991663134814,
      "mmd_mu": 0.015387643831526021
    },
    "3_latent_traversal": {
      "passed": true,
      "active_dimensions": 10,
      "total_tested": 10,
      "inactive_ratio": 0.0,
      "smoothness_score": 1.0
    },
    "4_physics_consistency": {
      "passed": true,
      "bounds_sigma_ratio": 1.0,
      "bounds_mu_ratio": 1.0,
      "forward_valid": 20,
      "forward_total": 20
    },
    "5_noise_robustness": {
      "passed": true,
      "mean_lipschitz": 1.474408996105194
    },
    "6_class_separation": {
      "passed": true,
      "n_classes": 2,
      "separation_ratio": 2.120467969322384,
      "inter_class_wasserstein_real": 0.07138029156691408,
      "inter_class_wasserstein_gen": 0.15135962212058077,
      "per_class_real": [
        {
          "sigma_mean": -0.1634218938627358,
          "sigma_std": 0.505289768335165,
          "mu_mean": -0.3006746624630269,
          "mu_std": 0.41087470383271846,
          "n_samples": 2000
        },
        {
          "sigma_mean": -0.20596701905108594,
          "sigma_std": 0.3977927985253526,
          "mu_mean": -0.2969160428806915,
          "mu_std": 0.4101018089001806,
          "n_samples": 2000
        }
      ],
      "per_class_gen": [
        {
          "sigma_mean": -0.20917177200317383,
          "sigma_std": 0.5221861600875854,
          "mu_mean": -0.26804661750793457,
          "mu_std": 0.45408380031585693,
          "n_samples": 100
        },
        {
          "sigma_mean": -0.24634726345539093,
          "sigma_std": 0.3042926788330078,
          "mu_mean": -0.2896132469177246,
          "mu_std": 0.35805749893188477,
          "n_samples": 100
        }
      ]
    }
  }
}