{
  "n_samples": 1000,
  "n_classes": 1,
  "sigma": {
    "min": 18837518.0,
    "max": 40211192.0,
    "mean": 28550642.0,
    "std": 7703718.0
  },
  "mu": {
    "min": 1.017127275466919,
    "max": 9.381336212158203,
    "mean": 5.024233341217041,
    "std": 3.1577844619750977
  },
  "final_losses": {
    "critic": -0.140625,
    "generator": -28.421823501586914,
    "wasserstein_distance": -0.1875
  }
}