{
  "n_samples": 1000,
  "K": 51,
  "n_classes": 1,
  "sigma": {
    "min": 18810708.0,
    "max": 40330000.0,
    "mean": 28236140.0,
    "std": 7579803.0
  },
  "mu": {
    "min": 1.005083441734314,
    "max": 9.369250297546387,
    "mean": 4.9125590324401855,
    "std": 3.121843099594116
  },
  "model_dir": "/workspace/GANs-for-1D-Signal/results/dual_wgan_nz15_20260228_183739/",
  "generation_date": "2026-02-28T19:22:29.144841"
}