{
  "experiment": "gan_exp01_sample0000",
  "description": "Single training-data sample recovery",
  "timestamp": "20260226_211217",
  "config": {
    "model": "improved_wgan_v2_nz32_20260214_140817",
    "nz": 32,
    "K": 51,
    "n_restarts": 8,
    "n_iter": 500,
    "seed": 42,
    "fd_epsilon": 0.001,
    "frequencies_hz": [
      1000000.0
    ],
    "impedance_tolerance": 1e-05,
    "probe": {
      "frequency_hz": 1000000.0,
      "inner_radius_m": 0.004,
      "outer_radius_m": 0.006,
      "lift_off_m": 0.0005
    }
  },
  "target": {
    "sigma_true": [
      18850495.52388509,
      18863400.72103511,
      18880547.45861645,
      18902305.30592021,
      18928357.690419752,
      18962913.825228434,
      19004225.730716255,
      19058913.447378237,
      19124130.418542344,
      19210192.4462223,
      19318440.837073363,
      19446666.75918781,
      19614455.047971047,
      19811693.49135957,
      20067336.771076567,
      20381617.135435082,
      20743810.652761977,
      21201980.737407267,
      21718944.514867976,
      22356523.82214934,
      23094108.423993673,
      23886774.145527173,
      24811009.01316944,
      25761389.04222582,
      26817212.243477516,
      27848375.458629657,
      28934064.887891226,
      29989888.089142926,
      30940268.118199304,
      31864502.985841576,
      32657168.707375076,
      33394753.30921941,
      34032332.61650077,
      34549296.39396148,
      35007466.478606775,
      35369659.99593367,
      35683940.36029218,
      35939583.64000918,
      36136822.0833977,
      36304610.37218094,
      36432836.294295385,
      36541084.68514645,
      36623299.27148111,
      36692363.68399051,
      36747051.4006525,
      36788363.30614032,
      36822919.44094899,
      36848971.825448535,
      36870729.6727523,
      36887876.41033363,
      36900781.607483655
    ],
    "mu_true": [
      8.464627524559978,
      8.459305517370183,
      8.452234330496509,
      8.44326155631577,
      8.432517746980194,
      8.418267054351064,
      8.401230332209247,
      8.378677525159102,
      8.351782531971695,
      8.316291192726231,
      8.271650362547822,
      8.218770947264348,
      8.149576306617872,
      8.068236641550007,
      7.962811256965766,
      7.833204375390588,
      7.683838466377149,
      7.4948925358125145,
      7.281700524212406,
      7.01876756643037,
      6.71459316998649,
      6.38770373001403,
      6.006556154082382,
      5.614626508306574,
      5.179212883633373,
      4.753968853565851,
      4.306238618898026,
      3.870824994224824,
      3.478895348449016,
      3.0977477725173683,
      2.7708583325449077,
      2.4666839361010275,
      2.2037509783189924,
      1.9905589667188828,
      1.8016130361542482,
      1.6522471271408081,
      1.5226402455656318,
      1.4172148609813915,
      1.3358751959135242,
      1.2666805552670484,
      1.213801139983576,
      1.1691603098051653,
      1.1352556267156597,
      1.1067739773722955,
      1.0842211703221514,
      1.067184448180333,
      1.0529337555512024,
      1.0421899462156272,
      1.0332171720348873,
      1.0261459851612145,
      1.0208239779714194
    ],
    "impedance_real": -0.11478717282309776,
    "impedance_imag": -0.20607947656393275,
    "impedance_magnitude": 0.23589159736112736
  },
  "result": {
    "sigma_rec": [
      18865848.0,
      18874600.0,
      18890018.0,
      18884552.0,
      18893564.0,
      18932172.0,
      18997764.0,
      19053636.0,
      19081042.0,
      19171856.0,
      19231172.0,
      19289800.0,
      19544188.0,
      19668864.0,
      19826738.0,
      20228942.0,
      20615522.0,
      20935396.0,
      21404628.0,
      21988234.0,
      22431924.0,
      23219140.0,
      24215516.0,
      25314066.0,
      26787498.0,
      28015464.0,
      29202928.0,
      30426212.0,
      31618942.0,
      32732784.0,
      33559032.0,
      34446724.0,
      35194692.0,
      35768224.0,
      36153508.0,
      36475640.0,
      36706080.0,
      37000636.0,
      37279596.0,
      37592768.0,
      37862272.0,
      37887004.0,
      38046072.0,
      38102904.0,
      38079500.0,
      38164272.0,
      38415104.0,
      38336952.0,
      38318680.0,
      38386224.0,
      38352168.0
    ],
    "mu_rec": [
      9.082883834838867,
      9.080991744995117,
      9.057594299316406,
      9.069087028503418,
      9.077080726623535,
      9.057453155517578,
      9.041431427001953,
      9.056562423706055,
      9.058767318725586,
      9.010650634765625,
      8.950933456420898,
      8.907726287841797,
      8.78930377960205,
      8.670848846435547,
      8.582101821899414,
      8.49167251586914,
      8.309268951416016,
      8.157958030700684,
      7.995874404907227,
      7.763934135437012,
      7.490683078765869,
      7.151869297027588,
      6.64087438583374,
      6.255200386047363,
      5.725358963012695,
      5.0605268478393555,
      4.40100622177124,
      3.8173623085021973,
      3.284308433532715,
      2.8517911434173584,
      2.4760727882385254,
      2.1192545890808105,
      2.0095760822296143,
      1.756803274154663,
      1.5128710269927979,
      1.4544661045074463,
      1.4476794004440308,
      1.294975757598877,
      1.2494797706604004,
      1.2375797033309937,
      1.1624082326889038,
      1.1344984769821167,
      1.1631653308868408,
      1.1098942756652832,
      1.0553464889526367,
      1.0635042190551758,
      1.0465717315673828,
      1.0261660814285278,
      1.0454577207565308,
      1.038745403289795,
      1.016007661819458
    ],
    "best_z": [
      -0.1592601239681244,
      -0.31192705035209656,
      0.1271986961364746,
      -0.9384052157402039,
      0.5982151031494141,
      0.7988407015800476,
      0.4952889680862427,
      0.6331401467323303,
      0.42490532994270325,
      1.84442937374115,
      -0.060286376625299454,
      -0.41813045740127563,
      -0.8293030858039856,
      -0.8895701169967651,
      -1.1462984085083008,
      -0.7400183081626892,
      -0.12317141890525818,
      0.2975286841392517,
      0.07812641561031342,
      -0.6099792718887329,
      0.9840893149375916,
      0.7019988298416138,
      -0.1770624965429306,
      -0.7086549997329712,
      0.5955914855003357,
      0.12395529448986053,
      -1.2412246465682983,
      -0.11343851685523987,
      0.35976454615592957,
      -0.9884262681007385,
      0.05449121445417404,
      -1.3105593919754028
    ],
    "best_mismatch_ohm": 7.92483290286045e-06,
    "all_mismatches_ohm": [
      7.92483290286045e-06,
      4.3806811524637956e-05,
      1.602841185642426e-05,
      9.574618014639704e-05,
      0.0001247155423628014,
      8.870131301917498e-05,
      0.0002763767852745389,
      2.247093804396825e-05
    ],
    "elapsed_s": 830.5156314590131,
    "passed": true
  },
  "metrics": {
    "sigma_rmse": 869705.7767886627,
    "sigma_rmse_pct": 3.1200175277840243,
    "mu_rmse": 0.476563836808471,
    "mu_rmse_pct": 10.047778117882405,
    "impedance_error_ohm": 7.924832914133063e-06,
    "best_restart_idx": 0,
    "n_restarts_passed": 1
  }
}