{
  "n_samples": 1000,
  "K": 51,
  "sigma": {
    "min": 18820276.0,
    "max": 40034436.0,
    "mean": 28201622.0,
    "std": 7685765.5
  },
  "mu": {
    "min": 1.0065652132034302,
    "max": 9.371902465820312,
    "mean": 4.86296272277832,
    "std": 3.074749708175659
  },
  "model_dir": "results/dual_wgan_nz6",
  "generation_date": "2026-02-14T15:56:19.049793"
}