{
  "n_samples": 1000,
  "n_classes": 1,
  "sigma": {
    "min": 18834304.0,
    "max": 40000056.0,
    "mean": 28056270.0,
    "std": 7691862.0
  },
  "mu": {
    "min": 1.0344408750534058,
    "max": 9.39969253540039,
    "mean": 5.016807556152344,
    "std": 3.128631591796875
  },
  "final_losses": {
    "critic": -0.109375,
    "generator": -20.140541076660156,
    "wasserstein_distance": -0.015625
  }
}