{
  "loss_C": [
    -3.5264530181884766,
    -2.5841639041900635,
    -1.5590593814849854,
    -0.70963454246521,
    -0.27709221839904785,
    0.464119553565979,
    -0.37578850984573364,
    0.2634863257408142,
    -0.5604177713394165,
    -0.4629133343696594,
    0.6059790253639221,
    0.41444092988967896,
    -0.5431897640228271,
    -0.42762231826782227,
    -0.1046917736530304,
    -0.033145472407341,
    0.188311368227005,
    0.2644292116165161,
    -0.16466465592384338,
    -0.04192306101322174,
    -0.0992242693901062,
    0.0007166564464569092,
    0.27302220463752747,
    -0.16673704981803894,
    -1.1267907619476318,
    -0.2348751425743103,
    0.35837286710739136,
    0.06276819109916687,
    0.16748185455799103,
    0.24142812192440033,
    -0.36521145701408386,
    -0.5406941771507263,
    -1.004219651222229,
    -0.3179938793182373,
    -0.212088480591774,
    0.17195114493370056,
    -0.07318250834941864,
    0.27955806255340576,
    0.1590505689382553,
    -0.15084481239318848,
    -0.5412280559539795,
    -0.45353904366493225,
    0.14285023510456085,
    0.07143708318471909,
    0.04398471117019653,
    -0.24335001409053802,
    0.11539247632026672,
    -0.15851107239723206,
    0.011089533567428589,
    -0.22596564888954163
  ],
  "loss_G": [
    -0.022279297932982445,
    -1.5054876804351807,
    -1.977107286453247,
    -1.391270399093628,
    -3.5042362213134766,
    -1.791238784790039,
    -1.2611267566680908,
    -0.7535249590873718,
    -0.8274744153022766,
    -0.07786285877227783,
    -0.6968576312065125,
    -0.8674708604812622,
    -0.015797480940818787,
    -0.6599077582359314,
    -0.45419877767562866,
    0.2787725627422333,
    -0.112169548869133,
    -0.029208511114120483,
    -0.5604370832443237,
    -0.14938080310821533,
    0.41425907611846924,
    -0.6125266551971436,
    -0.6329998970031738,
    -0.893832266330719,
    -1.0779420137405396,
    0.08389076590538025,
    -0.3132130801677704,
    0.02756528928875923,
    0.21250805258750916,
    -0.6241622567176819,
    -0.3630842864513397,
    -0.15013553202152252,
    -0.5113571882247925,
    -0.36245766282081604,
    -1.1311064958572388,
    0.0787295326590538,
    -0.6281483173370361,
    -0.33885765075683594,
    -0.6004462838172913,
    -0.6981905698776245,
    0.07533883303403854,
    -0.9798616170883179,
    -0.2804775536060333,
    -1.0536983013153076,
    -0.6602742075920105,
    -1.2853032350540161,
    -0.25220322608947754,
    -1.130420446395874,
    -1.0938353538513184,
    -0.6922749876976013
  ],
  "wasserstein_distance": [
    4.495138168334961,
    2.7126338481903076,
    1.7058768272399902,
    1.6407711505889893,
    0.12878847122192383,
    0.2236032485961914,
    0.5940666198730469,
    0.0679132342338562,
    0.18974918127059937,
    0.6937294006347656,
    -0.2381877899169922,
    0.17234790325164795,
    0.3791751265525818,
    0.4326022267341614,
    0.44305479526519775,
    0.5723388195037842,
    -0.04190250486135483,
    0.08559352159500122,
    -0.07512620091438293,
    0.2508546710014343,
    0.4812304973602295,
    0.9687130451202393,
    0.006620526313781738,
    0.2105812430381775,
    1.4241074323654175,
    0.4499374330043793,
    0.25428906083106995,
    0.4266901910305023,
    0.27957883477211,
    -0.16512027382850647,
    0.5076541900634766,
    0.8521729707717896,
    1.3988720178604126,
    0.6603728532791138,
    0.6068745851516724,
    0.002160213887691498,
    0.2396654486656189,
    0.16577476263046265,
    -0.13859501481056213,
    0.02327859401702881,
    0.7505483627319336,
    0.3047337532043457,
    0.37989071011543274,
    0.04278218746185303,
    -0.13131296634674072,
    0.13313353061676025,
    0.07712611556053162,
    0.218835711479187,
    -0.0185244083404541,
    0.2856636047363281
  ],
  "gradient_penalty": [
    0.0973760113120079,
    0.028992343693971634,
    0.018172768875956535,
    0.04952489957213402,
    0.009597516618669033,
    0.013818942941725254,
    0.011336415074765682,
    0.013504905626177788,
    0.01627739518880844,
    0.010116011835634708,
    0.014774685725569725,
    0.019119029864668846,
    0.010297859087586403,
    0.011489210650324821,
    0.020384129136800766,
    0.01857651025056839,
    0.012474257498979568,
    0.023990046232938766,
    0.017641400918364525,
    0.015273993834853172,
    0.01772146299481392,
    0.018123243004083633,
    0.009847060777246952,
    0.009975389577448368,
    0.03888830542564392,
    0.008900417946279049,
    0.01235868502408266,
    0.015564585104584694,
    0.012570403516292572,
    0.00932462327182293,
    0.01197165809571743,
    0.011911134235560894,
    0.02373470552265644,
    0.01717543415725231,
    0.016896305605769157,
    0.01196917612105608,
    0.008180673234164715,
    0.009256882593035698,
    0.014139587990939617,
    0.01751166209578514,
    0.01226854883134365,
    0.007876071147620678,
    0.011075844056904316,
    0.007908757776021957,
    0.016802454367280006,
    0.01007707230746746,
    0.012463932856917381,
    0.01313830353319645,
    0.013512209057807922,
    0.01613115891814232
  ]
}