{
  "n_samples": 1000,
  "K": 50,
  "n_classes": 2,
  "sigma": {
    "min": 8210791.0,
    "max": 63618076.0,
    "mean": 24755366.0,
    "std": 15293778.0
  },
  "mu": {
    "min": 0.9328479766845703,
    "max": 91.4946060180664,
    "mean": 33.345428466796875,
    "std": 24.54559898376465
  },
  "model_dir": "/workspace/GANs-for-1D-Signal/results/sigmoid_vs_linear_v2/dual_wgan_nz20_nc2_20260228_225116/",
  "generation_date": "2026-02-28T23:02:57.842699",
  "per_class": {
    "0": {
      "sigma_mean": 29927722.0,
      "mu_mean": 25.1464900970459,
      "n_samples": 500
    },
    "1": {
      "sigma_mean": 19583012.0,
      "mu_mean": 41.544368743896484,
      "n_samples": 500
    }
  }
}