{
  "n_samples": 1000,
  "sigma": {
    "min": 18811534.0,
    "max": 40407940.0,
    "mean": 28544998.0,
    "std": 7671943.0
  },
  "mu": {
    "min": 1.0162813663482666,
    "max": 9.423348426818848,
    "mean": 4.871669292449951,
    "std": 3.130239486694336
  },
  "final_losses": {
    "critic": 0.13139581680297852,
    "generator": -2.066391944885254,
    "wasserstein_distance": -0.07877707481384277
  }
}