{
  "n_samples": 1000,
  "K": 51,
  "sigma": {
    "min": 18810564.0,
    "max": 40426456.0,
    "mean": 28110996.0,
    "std": 7689289.5
  },
  "mu": {
    "min": 1.0047087669372559,
    "max": 9.431608200073242,
    "mean": 4.890023231506348,
    "std": 3.2106497287750244
  },
  "model_dir": "results/dual_wgan_20260131_213107",
  "generation_date": "2026-01-31T22:49:36.254863"
}