{
  "n_samples": 1000,
  "K": 50,
  "sigma": {
    "min": 1485643.625,
    "max": 59421564.0,
    "mean": 31214130.0,
    "std": 13830120.0
  },
  "mu": {
    "min": 1.84648597240448,
    "max": 99.55735778808594,
    "mean": 51.81446838378906,
    "std": 23.465768814086914
  },
  "model_dir": "results/dual_wgan_20260125_222145",
  "generation_date": "2026-01-25T22:34:19.451220"
}